{"k_fold_cv_id": "2022_12_14_09_50_54", "stats_type": "k_fold_cross_validation", "k_folds_cv_num_folds": 3, "data_logs": {"data_type": "waveform", "dataset_size": "s", "batch_size": 64, "num_samples_per_second": 8000, "num_channels": 1, "train_transforms": "[\"{'transform_name': 'StandardizeTransform', 'mean': -7.975741027621552e-05, 'std': 0.2950393557548523}\", 'RandomApply(\\n    p=1e-06\\n    PolarityInversion()\\n)', 'RandomApply(\\n    p=1e-06\\n    Noise()\\n)', 'RandomApply(\\n    p=1e-06\\n    Gain()\\n)', 'RandomApply(\\n    p=1e-06\\n    Delay()\\n)', {'p_boosting_factors': None, 'epoch_steps': None}]"}, "optimizer_config": {"lr": 0.1, "momentum": 0.9, "weight_decay": 0.01, "nesterov": true}, "model_setup": {"num_layers": 1, "in_features": [238000], "out_features": [6], "bias": true, "dropout_p": 0.8}, "training_logs": {"0": {"train_id": "2022_12_14_09_50_54", "accuracies": {"0": {"accuracy_train": 0.15625, "accuracy_val": 0.20143885910511017}, "1": {"accuracy_train": 0.30859375, "accuracy_val": 0.19544364511966705}, "2": {"accuracy_train": 0.375, "accuracy_val": 0.1834532469511032}, "3": {"accuracy_train": 0.40625, "accuracy_val": 0.1858513206243515}, "4": {"accuracy_train": 0.4453125, "accuracy_val": 0.1858513206243515}, "5": {"accuracy_train": 0.4453125, "accuracy_val": 0.18944844603538513}, "6": {"accuracy_train": 0.50390625, "accuracy_val": 0.19064748287200928}, "7": {"accuracy_train": 0.62109375, "accuracy_val": 0.19544364511966705}, "8": {"accuracy_train": 0.60546875, "accuracy_val": 0.19304557144641876}, "9": {"accuracy_train": 0.64453125, "accuracy_val": 0.19184651970863342}, "10": {"accuracy_train": 0.71484375, "accuracy_val": 0.19184651970863342}, "11": {"accuracy_train": 0.7578125, "accuracy_val": 0.188249409198761}, "12": {"accuracy_train": 0.76953125, "accuracy_val": 0.188249409198761}, "13": {"accuracy_train": 0.8125, "accuracy_val": 0.19304557144641876}, "14": {"accuracy_train": 0.8125, "accuracy_val": 0.20143885910511017}, "15": {"accuracy_train": 0.85546875, "accuracy_val": 0.20863309502601624}, "16": {"accuracy_train": 0.84375, "accuracy_val": 0.20143885910511017}, "17": {"accuracy_train": 0.89453125, "accuracy_val": 0.20143885910511017}, "18": {"accuracy_train": 0.87890625, "accuracy_val": 0.19784173369407654}, "19": {"accuracy_train": 0.91015625, "accuracy_val": 0.19064748287200928}, "20": {"accuracy_train": 0.92578125, "accuracy_val": 0.1858513206243515}, "21": {"accuracy_train": 0.921875, "accuracy_val": 0.188249409198761}, "22": {"accuracy_train": 0.94140625, "accuracy_val": 0.18705035746097565}, "23": {"accuracy_train": 0.98828125, "accuracy_val": 0.188249409198761}, "24": {"accuracy_train": 0.97265625, "accuracy_val": 0.1858513206243515}, "25": {"accuracy_train": 0.94921875, "accuracy_val": 0.188249409198761}, "26": {"accuracy_train": 0.95703125, "accuracy_val": 0.1858513206243515}, "27": {"accuracy_train": 0.96875, "accuracy_val": 0.18465228378772736}, "28": {"accuracy_train": 0.9609375, "accuracy_val": 0.18944844603538513}, "29": {"accuracy_train": 0.9921875, "accuracy_val": 0.18705035746097565, "accuracy_test": 0.17985612154006958}}, "losses": {"0": {"loss_train": 467.38645935058594, "loss_val": 1513.7137718200684}, "1": {"loss_train": 445.4912109375, "loss_val": 1491.7663946151733}, "2": {"loss_train": 440.60650634765625, "loss_val": 1491.1042687892914}, "3": {"loss_train": 440.57242584228516, "loss_val": 1490.9731936454773}, "4": {"loss_train": 436.03885650634766, "loss_val": 1490.8035593032837}, "5": {"loss_train": 432.59452056884766, "loss_val": 1490.5211160182953}, "6": {"loss_train": 427.35713958740234, "loss_val": 1490.3077578544617}, "7": {"loss_train": 419.1746368408203, "loss_val": 1489.9071083068848}, "8": {"loss_train": 422.2279281616211, "loss_val": 1489.5768048763275}, "9": {"loss_train": 414.41551208496094, "loss_val": 1489.3868243694305}, "10": {"loss_train": 400.96129608154297, "loss_val": 1488.8703804016113}, "11": {"loss_train": 398.0254669189453, "loss_val": 1488.621991634369}, "12": {"loss_train": 385.50484466552734, "loss_val": 1488.3524668216705}, "13": {"loss_train": 386.01702880859375, "loss_val": 1488.1633987426758}, "14": {"loss_train": 371.0760040283203, "loss_val": 1487.8561387062073}, "15": {"loss_train": 363.17713928222656, "loss_val": 1487.7560091018677}, "16": {"loss_train": 361.7120361328125, "loss_val": 1487.7650516033173}, "17": {"loss_train": 355.4088439941406, "loss_val": 1487.9099264144897}, "18": {"loss_train": 339.64490509033203, "loss_val": 1488.371437549591}, "19": {"loss_train": 336.0420455932617, "loss_val": 1488.8930792808533}, "20": {"loss_train": 330.83687591552734, "loss_val": 1489.3142297267914}, "21": {"loss_train": 334.55577087402344, "loss_val": 1489.7740530967712}, "22": {"loss_train": 326.4637756347656, "loss_val": 1489.9352443218231}, "23": {"loss_train": 308.42557525634766, "loss_val": 1490.514277458191}, "24": {"loss_train": 315.5743865966797, "loss_val": 1490.6221146583557}, "25": {"loss_train": 308.0130844116211, "loss_val": 1491.0394287109375}, "26": {"loss_train": 302.38990783691406, "loss_val": 1490.4700994491577}, "27": {"loss_train": 305.1142578125, "loss_val": 1489.4314799308777}, "28": {"loss_train": 305.6610412597656, "loss_val": 1488.6427903175354}, "29": {"loss_train": 297.87691497802734, "loss_val": 1488.1757702827454, "loss_test": 501.2548089027405}}, "training_time_secs": 56.331623792648315}, "1": {"train_id": "2022_12_14_09_50_54", "accuracies": {"0": {"accuracy_train": 0.15625, "accuracy_val": 0.20143885910511017}, "1": {"accuracy_train": 0.30859375, "accuracy_val": 0.19544364511966705}, "2": {"accuracy_train": 0.375, "accuracy_val": 0.1834532469511032}, "3": {"accuracy_train": 0.40625, "accuracy_val": 0.1858513206243515}, "4": {"accuracy_train": 0.4453125, "accuracy_val": 0.1858513206243515}, "5": {"accuracy_train": 0.4453125, "accuracy_val": 0.18944844603538513}, "6": {"accuracy_train": 0.50390625, "accuracy_val": 0.19064748287200928}, "7": {"accuracy_train": 0.62109375, "accuracy_val": 0.19544364511966705}, "8": {"accuracy_train": 0.60546875, "accuracy_val": 0.19304557144641876}, "9": {"accuracy_train": 0.64453125, "accuracy_val": 0.19184651970863342}, "10": {"accuracy_train": 0.71484375, "accuracy_val": 0.19184651970863342}, "11": {"accuracy_train": 0.7578125, "accuracy_val": 0.188249409198761}, "12": {"accuracy_train": 0.76953125, "accuracy_val": 0.188249409198761}, "13": {"accuracy_train": 0.8125, "accuracy_val": 0.19304557144641876}, "14": {"accuracy_train": 0.8125, "accuracy_val": 0.20143885910511017}, "15": {"accuracy_train": 0.85546875, "accuracy_val": 0.20863309502601624}, "16": {"accuracy_train": 0.84375, "accuracy_val": 0.20143885910511017}, "17": {"accuracy_train": 0.89453125, "accuracy_val": 0.20143885910511017}, "18": {"accuracy_train": 0.87890625, "accuracy_val": 0.19784173369407654}, "19": {"accuracy_train": 0.91015625, "accuracy_val": 0.19064748287200928}, "20": {"accuracy_train": 0.92578125, "accuracy_val": 0.1858513206243515}, "21": {"accuracy_train": 0.921875, "accuracy_val": 0.188249409198761}, "22": {"accuracy_train": 0.94140625, "accuracy_val": 0.18705035746097565}, "23": {"accuracy_train": 0.98828125, "accuracy_val": 0.188249409198761}, "24": {"accuracy_train": 0.97265625, "accuracy_val": 0.1858513206243515}, "25": {"accuracy_train": 0.94921875, "accuracy_val": 0.188249409198761}, "26": {"accuracy_train": 0.95703125, "accuracy_val": 0.1858513206243515}, "27": {"accuracy_train": 0.96875, "accuracy_val": 0.18465228378772736}, "28": {"accuracy_train": 0.9609375, "accuracy_val": 0.18944844603538513}, "29": {"accuracy_train": 0.9921875, "accuracy_val": 0.18705035746097565, "accuracy_test": 0.17985612154006958}}, "losses": {"0": {"loss_train": 467.38645935058594, "loss_val": 1513.7137718200684}, "1": {"loss_train": 445.4912109375, "loss_val": 1491.7663946151733}, "2": {"loss_train": 440.60650634765625, "loss_val": 1491.1042687892914}, "3": {"loss_train": 440.57242584228516, "loss_val": 1490.9731936454773},