{"k_fold_cv_id": "2022_12_11_13_51_21", "stats_type": "k_fold_cross_validation", "k_folds_cv_num_folds": 3, "data_logs": {"data_type": "mel_spectrogram", "dataset_size": "s", "batch_size": 16, "num_samples_per_second": 8000, "num_channels": 1, "train_transforms": "[\"{'transform_name': 'StandardizeTransform', 'mean': 9.398724555969238, 'std': 87.70199584960938}\"]"}, "optimizer_config": {"lr": 0.01, "momentum": 0.9, "weight_decay": 1e-06, "nesterov": true}, "model_setup": {"num_layers": 4, "kernel_sizes": [2, 2, 2, 2], "strides": [2, 2, 1, 1], "in_channels": 1, "num_filters": [1, 2, 4, 8], "pool_sizes": [2, 2, 2, 2], "pool_strides": [2, 2, 1, 1], "dropout_p_conv": 0.0, "dropout_p_linear": 0.5}, "training_logs": {"0": {"train_id": "2022_12_11_13_51_21", "accuracies": {"0": {"accuracy_train": 0.2291666716337204, "accuracy_val": 0.20143885910511017}, "1": {"accuracy_train": 0.28125, "accuracy_val": 0.20023980736732483}, "2": {"accuracy_train": 0.2552083432674408, "accuracy_val": 0.21103118360042572}, "3": {"accuracy_train": 0.203125, "accuracy_val": 0.25299760699272156}, "4": {"accuracy_train": 0.2604166865348816, "accuracy_val": 0.2577937841415405}, "5": {"accuracy_train": 0.3072916865348816, "accuracy_val": 0.2649880051612854}, "6": {"accuracy_train": 0.3697916865348816, "accuracy_val": 0.27458032965660095}, "7": {"accuracy_train": 0.25, "accuracy_val": 0.25539568066596985}, "8": {"accuracy_train": 0.3697916865348816, "accuracy_val": 0.26139089465141296}, "9": {"accuracy_train": 0.359375, "accuracy_val": 0.28297361731529236}, "10": {"accuracy_train": 0.3958333432674408, "accuracy_val": 0.27697843313217163}, "11": {"accuracy_train": 0.3697916865348816, "accuracy_val": 0.2817745804786682}, "12": {"accuracy_train": 0.3385416865348816, "accuracy_val": 0.2589928209781647}, "13": {"accuracy_train": 0.390625, "accuracy_val": 0.2673861086368561}, "14": {"accuracy_train": 0.3177083432674408, "accuracy_val": 0.2817745804786682}, "15": {"accuracy_train": 0.2916666865348816, "accuracy_val": 0.2326139211654663}, "16": {"accuracy_train": 0.3385416865348816, "accuracy_val": 0.2709832191467285}, "17": {"accuracy_train": 0.390625, "accuracy_val": 0.26139089465141296}, "18": {"accuracy_train": 0.3489583432674408, "accuracy_val": 0.26978418231010437}, "19": {"accuracy_train": 0.3229166865348816, "accuracy_val": 0.26978418231010437}, "20": {"accuracy_train": 0.390625, "accuracy_val": 0.2757793962955475}, "21": {"accuracy_train": 0.4010416865348816, "accuracy_val": 0.2757793962955475}, "22": {"accuracy_train": 0.3854166865348816, "accuracy_val": 0.28057554364204407}, "23": {"accuracy_train": 0.4427083432674408, "accuracy_val": 0.2709832191467285}, "24": {"accuracy_train": 0.3489583432674408, "accuracy_val": 0.27697843313217163}, "25": {"accuracy_train": 0.390625, "accuracy_val": 0.28776979446411133}, "26": {"accuracy_train": 0.3697916865348816, "accuracy_val": 0.2541966438293457}, "27": {"accuracy_train": 0.4010416865348816, "accuracy_val": 0.2577937841415405}, "28": {"accuracy_train": 0.4010416865348816, "accuracy_val": 0.2601918578147888}, "29": {"accuracy_train": 0.3645833432674408, "accuracy_val": 0.2733812928199768, "accuracy_test": 0.21223022043704987}}, "losses": {"0": {"loss_train": 342.58643341064453, "loss_val": 1486.7646918296814}, "1": {"loss_train": 332.4623546600342, "loss_val": 1474.9950580596924}, "2": {"loss_train": 338.0770511627197, "loss_val": 1463.3756427764893}, "3": {"loss_train": 337.5882225036621, "loss_val": 1457.801179409027}, "4": {"loss_train": 331.9721622467041, "loss_val": 1453.8313989639282}, "5": {"loss_train": 325.8498020172119, "loss_val": 1441.2981522083282}, "6": {"loss_train": 318.6652946472168, "loss_val": 1443.0729203224182}, "7": {"loss_train": 327.60626792907715, "loss_val": 1458.7986335754395}, "8": {"loss_train": 316.0663661956787, "loss_val": 1452.1235625743866}, "9": {"loss_train": 319.6784420013428, "loss_val": 1436.5076320171356}, "10": {"loss_train": 317.21369552612305, "loss_val": 1435.9134521484375}, "11": {"loss_train": 309.550745010376, "loss_val": 1436.30193567276}, "12": {"loss_train": 319.3115005493164, "loss_val": 1438.869102716446}, "13": {"loss_train": 312.5932731628418, "loss_val": 1427.003915309906}, "14": {"loss_train": 318.1048698425293, "loss_val": 1433.864592552185}, "15": {"loss_train": 322.7746696472168, "loss_val": 1453.4478731155396}, "16": {"loss_train": 318.61663818359375, "loss_val": 1422.7129085063934}, "17": {"loss_train": 314.3038902282715, "loss_val": 1431.5884466171265}, "18": {"loss_train": 314.2296943664551, "loss_val": 1429.6840887069702}, "19": {"loss_train": 319.0393600463867, "loss_val": 1427.1130385398865}, "20": {"loss_train": 310.10739517211914, "loss_val": 1432.608552455902}, "21": {"loss_train": 306.25582695007324, "loss_val": 1418.3645770549774}, "22": {"loss_train": 308.49291610717773, "loss_val": 1423.0406484603882}, "23": {"loss_train": 303.1301918029785, "loss_val": 1425.9109954833984}, "24": {"loss_train": 310.1803855895996, "loss_val": 1428.553517818451}, "25": {"loss_train": 306.95410346984863, "loss_val": 1428.0242910385132}, "26": {"loss_train": 310.04312324523926, "loss_val": 1425.3941864967346}, "27": {"loss_train": 310.89756774902344, "loss_val": 1418.3558275699615}, "28": {"loss_train": 306.6490535736084, "loss_val": 1422.285620212555}, "29": {"loss_train": 311.78361320495605, "loss_val": 1424.359317779541, "loss_test": 479.6675570011139}}, "training_time_secs": 56.74155902862549}, "1": {"train_id": "2022_12_11_13_52_18", "accuracies": {"0": {"accuracy_train": 0.2447916716337204, "accuracy_val": 0.17767105996608734}, "1": {"accuracy_train": 0.21875, "accuracy_val": 0.22088834643363953}, "2": {"accuracy_train": 0.28125, "accuracy_val": 0.24369746446609497}, "3": {"accuracy_train": 0.2604166865348816, "accuracy_val": 0.20648258924484253}, "4": {"accuracy_train": 0.296875, "accuracy_val": 0.27250900864601135}, "5": {"accuracy_train": 0.2864583432674408, "accuracy_val": 0.26290515065193176}, "6": {"accuracy_train": 0.2604166865348816, "accuracy_val": 0.26770707964897156}, "7": {"accuracy_train": 0.2760416865348816, "accuracy_val": 0.26530611515045166}, "8": {"accuracy_train": 0.265625, "accuracy_val": 0.25570228695869446}, "9": {"accuracy_train": 0.2552083432674408, "accuracy_val": 0.27490994334220886}, "10": {"accuracy_train": 0.2916666865348816, "accuracy_val": 0.25330132246017456}, "11": {"accuracy_train": 0.3645833432674408, "accuracy_val": 0.2857142686843872}, "12": {"accuracy_train": 0.3854166865348816, "accuracy_val": 0.27611044049263}, "13": {"accuracy_train": 0.3125, "accuracy_val": 0.2713085114955902}, "14": {"accuracy_train": 0.2552083432674408, "accuracy_val": 0.30372148752212524}, "15": {"accuracy_train": 0.3020833432674408, "accuracy_val": 0.2881152331829071}, "16": {"accuracy_train": 0.4010416865348816, "accuracy_val": 0.29651859402656555}, "17": {"accuracy_train": 0.3020833432674408, "accuracy_val": 0.2857142686843872}, "18": {"accuracy_train": 0.3854166865348816, "accuracy_val": 0.2713085114955902}, "19": {"accuracy_train": 0.3072916865348816, "accuracy_val": 0.2881152331829071}, "20": {"accuracy_train": 0.3541666865348816, "accuracy_val": 0.29411762952804565}, "21": {"accuracy_train": 0.3333333432674408, "accuracy_val": 0.29171666502952576}, "22": {"accuracy_train": 0.34375, "accuracy_val": 0.28691476583480835}, "23": {"accuracy_train": 0.3541666865348816, "accuracy_val": 0.3073229193687439}, "24": {"accuracy_train": 0.390625, "accuracy_val": 0.29171666502952576}, "25": {"accuracy_train": 0.3333333432674408, "accuracy_val": 0.2881152331829071}, "26": {"accuracy_train": 0.34375, "accuracy_val": 0.30132052302360535}, "27": {"accuracy_train": 0.421875, "accuracy_val": 0.30372148752212524}, "28": {"accuracy_train": 0.4114583432674408, "accuracy_val": 0.304921954870224}, "29": {"accuracy_train": 0.4270833432674408, "accuracy_val": 0.28931573033332825, "accuracy_test": 0.2949640452861786}}, "losses": {"0": {"loss_train": 337.162353515625,