{
  "data_logs": {
    "dataset_size": "medium",
    "normalized_audio": true,
    "audio_num_frames": 238000,
    "batch_size": 16,
    "num_samples_per_second": 8000,
    "num_channels": 1
  },
  "optimizer_parameters": {
    "optimizer": "SGD",
    "lr": 0.001,
    "momentum": 0.9,
    "weight_decay": 1e-06
  },
  "model_setup": {
    "neural_compression_num_layers": 3,
    "neural_compression_kernel_sizes": [
      3,
      3,
      3
    ],
    "neural_compression_strides": [
      3,
      2,
      2
    ],
    "neural_compression_in_channels": 1,
    "neural_compression_num_filters": [
      8,
      16,
      32
    ],
    "neural_compression_pool_sizes": [
      3,
      3,
      3
    ],
    "neural_compression_pool_strides": [
      1,
      1,
      2
    ],
    "classification_num_layers": 4,
    "classification_kernel_sizes": [
      3,
      3,
      3,
      3
    ],
    "classification_strides": [
      3,
      3,
      3,
      3
    ],
    "classification_in_channels": 32,
    "classification_num_filters": [
      128,
      256,
      512,
      6
    ],
    "classification_pool_sizes": [
      3,
      3,
      3,
      3
    ],
    "classification_pool_strides": [
      3,
      3,
      3,
      3
    ],
    "dropout_p": 0.5
  },
  "training_logs": {
    "train_id": "03_12_2022_11_49_56",
    "accuracies": {
      "0": {
        "accuracy_train": 0.23205341398715973,
        "accuracy_val": 0.2938230335712433
      },
      "1": {
        "accuracy_train": 0.29811590909957886,
        "accuracy_val": 0.322203665971756
      },
      "2": {
        "accuracy_train": 0.32959693670272827,
        "accuracy_val": 0.3414023220539093
      },
      "3": {
        "accuracy_train": 0.3589315414428711,
        "accuracy_val": 0.3430717885494232
      },
      "4": {
        "accuracy_train": 0.3687097430229187,
        "accuracy_val": 0.3539232015609741
      },
      "5": {
        "accuracy_train": 0.3844502568244934,
        "accuracy_val": 0.3631051778793335
      },
      "6": {
        "accuracy_train": 0.3973288834095001,
        "accuracy_val": 0.3631051778793335
      },
      "7": {
        "accuracy_train": 0.4075840711593628,
        "accuracy_val": 0.3606009781360626
      },
      "8": {
        "accuracy_train": 0.41760075092315674,
        "accuracy_val": 0.3631051778793335
      },
      "9": {
        "accuracy_train": 0.43787264823913574,
        "accuracy_val": 0.36227044463157654
      },
      "10": {
        "accuracy_train": 0.4548056125640869,
        "accuracy_val": 0.3631051778793335
      },
      "11": {
        "accuracy_train": 0.46696874499320984,
        "accuracy_val": 0.369782954454422
      },
      "12": {
        "accuracy_train": 0.4741235375404358,
        "accuracy_val": 0.3672787845134735
      },
      "13": {
        "accuracy_train": 0.5015501976013184,
        "accuracy_val": 0.369782954454422
      },
      "14": {
        "accuracy_train": 0.514667272567749,
        "accuracy_val": 0.35976627469062805
      },
      "15": {
        "accuracy_train": 0.5220605731010437,
        "accuracy_val": 0.36393988132476807
      },
      "16": {
        "accuracy_train": 0.5461483597755432,
        "accuracy_val": 0.3714524209499359
      },
      "17": {
        "accuracy_train": 0.5604578852653503,
        "accuracy_val": 0.3672787845134735
      },
      "18": {
        "accuracy_train": 0.5771523714065552,
        "accuracy_val": 0.3714524209499359
      },
      "19": {
        "accuracy_train": 0.5962318181991577,
        "accuracy_val": 0.369782954454422
      },
      "20": {
        "accuracy_train": 0.6095873713493347,
        "accuracy_val": 0.3714524209499359
      },
      "21": {
        "accuracy_train": 0.6262818574905396,
        "accuracy_val": 0.3714524209499359
      },
      "22": {
        "accuracy_train": 0.6341521739959717,
        "accuracy_val": 0.365609347820282
      },
      "23": {
        "accuracy_train": 0.6467922329902649,
        "accuracy_val": 0.3722871243953705
      },
      "24": {
        "accuracy_train": 0.6713570356369019,
        "accuracy_val": 0.3689482510089874
      },
      "25": {
        "accuracy_train": 0.6746959090232849,
        "accuracy_val": 0.365609347820282
      },
      "26": {
        "accuracy_train": 0.6923443675041199,
        "accuracy_val": 0.3614357113838196
      },
      "27": {
        "accuracy_train": 0.7088003754615784,
        "accuracy_val": 0.37061768770217896
      },
      "28": {
        "accuracy_train": 0.710946798324585,
        "accuracy_val": 0.36811351776123047
      },
      "29": {
        "accuracy_train": 0.72120201587677,
        "accuracy_val": 0.365609347820282
      },
      "30": {
        "accuracy_train": 0.7352730631828308,
        "accuracy_val": 0.37479129433631897
      },
      "31": {
        "accuracy_train": 0.7429048418998718,
        "accuracy_val": 0.3714524209499359
      },
      "32": {
        "accuracy_train": 0.7493441104888916,
        "accuracy_val": 0.3714524209499359
      },
      "33": {
        "accuracy_train": 0.7586453557014465,
        "accuracy_val": 0.3739565908908844
      },
      "34": {
        "accuracy_train": 0.7689005136489868,
        "accuracy_val": 0.37312185764312744
      },
      "35": {
        "accuracy_train": 0.7748628258705139,
        "accuracy_val": 0.3722871243953705
      },
      "36": {
        "accuracy_train": 0.7855949997901917,
        "accuracy_val": 0.36811351776123047
      },
      "37": {
        "accuracy_train": 0.7941807508468628,
        "accuracy_val": 0.37979966402053833
      },
      "38": {
        "accuracy_train": 0.7987121343612671,
        "accuracy_val": 0.37061768770217896
      },
      "39": {
        "accuracy_train": 0.8089672923088074,
        "accuracy_val": 0.3739565908908844
      },
      "40": {
        "accuracy_train": 0.8118292093276978,
        "accuracy_val": 0.3631051778793335
      },
      "41": {
        "accuracy_train": 0.823753833770752,
        "accuracy_val": 0.37061768770217896
      },
      "42": {
        "accuracy_train": 0.8266157507896423,
        "accuracy_val": 0.364774614572525
      },
      "43": {
        "accuracy_train": 0.8335320353507996,
        "accuracy_val": 0.3631051778793335
      },
      "44": {
        "accuracy_train": 0.8373479247093201,
        "accuracy_val": 0.36811351776123047
      },
      "45": {
        "accuracy_train": 0.841640830039978,
        "accuracy_val": 0.3714524209499359
      },
      "46": {
        "accuracy_train": 0.8414022922515869,
        "accuracy_val": 0.364774614572525
      },
      "47": {
        "accuracy_train": 0.8521344661712646,
        "accuracy_val": 0.37979966402053833
      },
      "48": {
        "accuracy_train": 0.8631051778793335,
        "accuracy_val": 0.3672787845134735
      },
      "49": {
        "accuracy_train": 0.8645361065864563,
        "accuracy_val": 0.3631051778793335
      },
      "50": {
        "accuracy_train": 0.871929407119751,
        "accuracy_val": 0.37061768770217896
      },
      "51": {
        "accuracy_train": 0.8693059682846069,
        "accuracy_val": 0.3781301975250244
      },
      "52": {
        "accuracy_train": 0.8745527863502502,
        "accuracy_val": 0.364774614572525
      },
      "53": {
        "accuracy_train": 0.8688290119171143,
        "accuracy_val": 0.369782954454422
      },
      "54": {
        "accuracy_train": 0.8821845650672913,
        "accuracy_val": 0.3606009781360626
      },
      "55": {
        "accuracy_train": 0.8874314427375793,
        "accuracy_val": 0.3672787845134735
      },
      "56": {
        "accuracy_train": 0.8886238932609558,
        "accuracy_val": 0.36644405126571655
      },
      "57": {
        "accuracy_train": 0.890293300151825,
        "accuracy_val": 0.3689482510089874
      },
      "58": {
        "accuracy_train": 0.8943477272987366,
        "accuracy_val": 0.3764607608318329
      },