{"k_fold_cv_id": "2022_12_14_09_08_54", "stats_type": "k_fold_cross_validation", "k_folds_cv_num_folds": 3, "data_logs": {"data_type": "waveform", "dataset_size": "s", "batch_size": 64, "num_samples_per_second": 8000, "num_channels": 1, "train_transforms": "[\"{'transform_name': 'StandardizeTransform', 'mean': -7.975741027621552e-05, 'std': 0.2950393557548523}\", 'RandomApply(\\n    p=1e-06\\n    PolarityInversion()\\n)', 'RandomApply(\\n    p=1e-06\\n    Noise()\\n)', 'RandomApply(\\n    p=1e-06\\n    Gain()\\n)', 'RandomApply(\\n    p=1e-06\\n    Delay()\\n)', {'p_boosting_factors': None, 'epoch_steps': None}]"}, "optimizer_config": {"lr": 0.1, "momentum": 0.9, "weight_decay": 0.001, "nesterov": true}, "model_setup": {"num_layers": 2, "in_features": [238000, 10], "out_features": [10, 6], "bias": true, "dropout_p": 0.5}, "training_logs": {"0": {"train_id": "2022_12_14_09_08_54", "accuracies": {"0": {"accuracy_train": 0.1763392984867096, "accuracy_val": 0.15107913315296173}, "1": {"accuracy_train": 0.267857164144516, "accuracy_val": 0.16187050938606262}, "2": {"accuracy_train": 0.3035714328289032, "accuracy_val": 0.15947242081165314}, "3": {"accuracy_train": 0.377232164144516, "accuracy_val": 0.16546763479709625}, "4": {"accuracy_train": 0.4062500298023224, "accuracy_val": 0.16067147254943848}, "5": {"accuracy_train": 0.5535714626312256, "accuracy_val": 0.16546763479709625}, "6": {"accuracy_train": 0.6495535969734192, "accuracy_val": 0.1774580329656601}, "7": {"accuracy_train": 0.7209821939468384, "accuracy_val": 0.1858513206243515}, "8": {"accuracy_train": 0.738839328289032, "accuracy_val": 0.17146283388137817}, "9": {"accuracy_train": 0.8147321939468384, "accuracy_val": 0.17386092245578766, "accuracy_test": 0.15107913315296173}}, "losses": {"0": {"loss_train": 806.3815612792969, "loss_val": 1516.5717959403992}, "1": {"loss_train": 777.3981018066406, "loss_val": 1495.7033076286316}, "2": {"loss_train": 770.420539855957, "loss_val": 1494.8248348236084}, "3": {"loss_train": 758.1524429321289, "loss_val": 1495.663649559021}, "4": {"loss_train": 748.028938293457, "loss_val": 1495.2547118663788}, "5": {"loss_train": 727.0237426757812, "loss_val": 1494.6714282035828}, "6": {"loss_train": 707.7879791259766, "loss_val": 1495.7575953006744}, "7": {"loss_train": 677.5788116455078, "loss_val": 1496.338363647461}, "8": {"loss_train": 659.0591812133789, "loss_val": 1495.5686202049255}, "9": {"loss_train": 633.7266082763672, "loss_val": 1496.3504528999329, "loss_test": 500.11417961120605}}, "training_time_secs": 20.571513175964355}, "1": {"train_id": "2022_12_14_09_08_54", "accuracies": {"0": {"accuracy_train": 0.1763392984867096, "accuracy_val": 0.15107913315296173}, "1": {"accuracy_train": 0.267857164144516, "accuracy_val": 0.16187050938606262}, "2": {"accuracy_train": 0.3035714328289032, "accuracy_val": 0.15947242081165314}, "3": {"accuracy_train": 0.377232164144516, "accuracy_val": 0.16546763479709625}, "4": {"accuracy_train": 0.4062500298023224, "accuracy_val": 0.16067147254943848}, "5": {"accuracy_train": 0.5535714626312256, "accuracy_val": 0.16546763479709625}, "6": {"accuracy_train": 0.6495535969734192, "accuracy_val": 0.1774580329656601}, "7": {"accuracy_train": 0.7209821939468384, "accuracy_val": 0.1858513206243515}, "8": {"accuracy_train": 0.738839328289032, "accuracy_val": 0.17146283388137817}, "9": {"accuracy_train": 0.8147321939468384, "accuracy_val": 0.17386092245578766, "accuracy_test": 0.15107913315296173}}, "losses": {"0": {"loss_train": 806.3815612792969, "loss_val": 1516.5717959403992}, "1": {"loss_train": 777.3981018066406, "loss_val": 1495.7033076286316}, "2": {"loss_train": 770.420539855957, "loss_val": 1494.8248348236084}, "3": {"loss_train": 758.1524429321289, "loss_val": 1495.663649559021}, "4": {"loss_train": 748.028938293457, "loss_val": 1495.2547118663788}, "5": {"loss_train": 727.0237426757812, "loss_val": 1494.6714282035828}, "6": {"loss_train": 707.7879791259766, "loss_val": 1495.7575953006744}, "7": {"loss_train": 677.5788116455078, "loss_val": 1496.338363647461}, "8": {"loss_train": 659.0591812133789, "loss_val": 1495.5686202049255}, "9": {"loss_train": 633.7266082763672, "loss_val": 1496.3504528999329, "loss_test": 500.11417961120605}}, "training_time_secs": 20.571513175964355}, "2": {"train_id": "2022_12_14_09_08_54", "accuracies": {"0": {"accuracy_train": 0.1763392984867096, "accuracy_val": 0.15107913315296173}, "1": {"accuracy_train": 0.267857164144516, "accuracy_val": 0.16187050938606262}, "2": {"accuracy_train": 0.3035714328289032, "accuracy_val": 0.15947242081165314}, "3": {"accuracy_train": 0.377232164144516, "accuracy_val": 0.16546763479709625}, "4": {"accuracy_train": 0.4062500298023224, "accuracy_val": 0.16067147254943848}, "5": {"accuracy_train": 0.5535714626312256, "accuracy_val": 0.16546763479709625}, "6": {"accuracy_train": 0.6495535969734192, "accuracy_val": 0.1774580329656601}, "7": {"accuracy_train": 0.7209821939468384, "accuracy_val": 0.1858513206243515}, "8": {"accuracy_train": 0.738839328289032, "accuracy_val": 0.17146283388137817}, "9": {"accuracy_train": 0.8147321939468384, "accuracy_val": 0.17386092245578766, "accuracy_test": 0.15107913315296173}}, "losses": {"0": {"loss_train": 806.3815612792969, "loss_val": 1516.5717959403992}, "1": {"loss_train": 777.3981018066406, "loss_val": 1495.7033076286316}, "2": {"loss_train": 770.420539855957, "loss_val": 1494.8248348236084}, "3": {"loss_train": 758.1524429321289, "loss_val": 1495.663649559021}, "4": {"loss_train": 748.028938293457, "loss_val": 1495.2547118663788}, "5": {"loss_train": 727.0237426757812, "loss_val": 1494.6714282035828}, "6": {"loss_train": 707.7879791259766, "loss_val": 1495.7575953006744}, "7": {"loss_train": 677.5788116455078, "loss_val": 1496.338363647461}, "8": {"loss_train": 659.0591812133789, "loss_val": 1495.5686202049255}, "9": {"loss_train": 633.7266082763672, "loss_val": 1496.3504528999329, "loss_test": 500.11417961120605}}, "training_time_secs": 20.571513175964355}}, "lr_scheduler_configr": {"lr_scheduler_step_size": 30, "lr_scheduler_gamma": 0.02, "lr_scheduler_last_epoch": -1}}