{
  "k_fold_cv_id": "2022_12_14_09_09_32",
  "stats_type": "k_fold_cross_validation",
  "k_folds_cv_num_folds": 3,
  "data_logs": {
    "data_type": "waveform",
    "dataset_size": "s",
    "batch_size": 64,
    "num_samples_per_second": 8000,
    "num_channels": 1,
    "train_transforms": "[\"{'transform_name': 'StandardizeTransform', 'mean': -7.975741027621552e-05, 'std': 0.2950393557548523}\", 'RandomApply(\\n    p=1e-06\\n    PolarityInversion()\\n)', 'RandomApply(\\n    p=1e-06\\n    Noise()\\n)', 'RandomApply(\\n    p=1e-06\\n    Gain()\\n)', 'RandomApply(\\n    p=1e-06\\n    Delay()\\n)', {'p_boosting_factors': None, 'epoch_steps': None}]"
  },
  "optimizer_config": {
    "lr": 0.1,
    "momentum": 0.9,
    "weight_decay": 0.001,
    "nesterov": true
  },
  "model_setup": {
    "num_layers": 2,
    "in_features": [
      238000,
      10
    ],
    "out_features": [
      10,
      6
    ],
    "bias": true,
    "dropout_p": 0.5
  },
  "training_logs": {
    "0": {
      "train_id": "2022_12_14_09_09_32",
      "accuracies": {
        "0": {
          "accuracy_train": 0.1607142984867096,
          "accuracy_val": 0.1474820226430893
        },
        "1": {
          "accuracy_train": 0.267857164144516,
          "accuracy_val": 0.15107913315296173
        },
        "2": {
          "accuracy_train": 0.3102678656578064,
          "accuracy_val": 0.17266187071800232
        },
        "3": {
          "accuracy_train": 0.3638392984867096,
          "accuracy_val": 0.17985612154006958
        },
        "4": {
          "accuracy_train": 0.4040178656578064,
          "accuracy_val": 0.18705035746097565
        },
        "5": {
          "accuracy_train": 0.4308035969734192,
          "accuracy_val": 0.19064748287200928
        },
        "6": {
          "accuracy_train": 0.5334821939468384,
          "accuracy_val": 0.1858513206243515
        },
        "7": {
          "accuracy_train": 0.5803571939468384,
          "accuracy_val": 0.18705035746097565
        },
        "8": {
          "accuracy_train": 0.6830357313156128,
          "accuracy_val": 0.19184651970863342
        },
        "9": {
          "accuracy_train": 0.7455357313156128,
          "accuracy_val": 0.20983213186264038,
          "accuracy_test": 0.1690647453069687
        }
      },
      "losses": {
        "0": {
          "loss_train": 812.6230850219727,
          "loss_val": 1506.142062664032
        },
        "1": {
          "loss_train": 788.6936187744141,
          "loss_val": 1501.078197479248
        },
        "2": {
          "loss_train": 778.6031494140625,
          "loss_val": 1496.5954689979553
        },
        "3": {
          "loss_train": 769.7282867431641,
          "loss_val": 1496.4452624320984
        },
        "4": {
          "loss_train": 762.14306640625,
          "loss_val": 1495.4344980716705
        },
        "5": {
          "loss_train": 742.0954360961914,
          "loss_val": 1495.369891166687
        },
        "6": {
          "loss_train": 721.058952331543,
          "loss_val": 1495.6387219429016
        },
        "7": {
          "loss_train": 709.6048431396484,
          "loss_val": 1494.3843657970428
        },
        "8": {
          "loss_train": 681.0059432983398,
          "loss_val": 1494.4960856437683
        },
        "9": {
          "loss_train": 654.1188049316406,
          "loss_val": 1493.6409950256348,
          "loss_test": 499.23385310173035
        }
      },
      "training_time_secs": 19.311585664749146
    },
    "1": {
      "train_id": "2022_12_14_09_09_32",
      "accuracies": {
        "0": {
          "accuracy_train": 0.1607142984867096,
          "accuracy_val": 0.1474820226430893
        },
        "1": {
          "accuracy_train": 0.267857164144516,
          "accuracy_val": 0.15107913315296173
        },
        "2": {
          "accuracy_train": 0.3102678656578064,
          "accuracy_val": 0.17266187071800232
        },
        "3": {
          "accuracy_train": 0.3638392984867096,
          "accuracy_val": 0.17985612154006958
        },
        "4": {
          "accuracy_train": 0.4040178656578064,
          "accuracy_val": 0.18705035746097565
        },
        "5": {
          "accuracy_train": 0.4308035969734192,
          "accuracy_val": 0.19064748287200928
        },
        "6": {
          "accuracy_train": 0.5334821939468384,
          "accuracy_val": 0.1858513206243515
        },
        "7": {
          "accuracy_train": 0.5803571939468384,
          "accuracy_val": 0.18705035746097565
        },
        "8": {
          "accuracy_train": 0.6830357313156128,
          "accuracy_val": 0.19184651970863342
        },
        "9": {
          "accuracy_train": 0.7455357313156128,
          "accuracy_val": 0.20983213186264038,
          "accuracy_test": 0.1690647453069687
        }
      },
      "losses": {
        "0": {
          "loss_train": 812.6230850219727,
          "loss_val": 1506.142062664032
        },
        "1": {
          "loss_train": 788.6936187744141,
          "loss_val": 1501.078197479248
        },
        "2": {
          "loss_train": 778.6031494140625,
          "loss_val": 1496.5954689979553
        },
        "3": {
          "loss_train": 769.7282867431641,
          "loss_val": 1496.4452624320984
        },
        "4": {
          "loss_train": 762.14306640625,
          "loss_val": 1495.4344980716705
        },
        "5": {
          "loss_train": 742.0954360961914,
          "loss_val": 1495.369891166687
        },
        "6": {
          "loss_train": 721.058952331543,
          "loss_val": 1495.6387219429016
        },
        "7": {
          "loss_train": 709.6048431396484,
          "loss_val": 1494.3843657970428
        },
        "8": {
          "loss_train": 681.0059432983398,
          "loss_val": 1494.4960856437683
        },
        "9": {
          "loss_train": 654.1188049316406,
          "loss_val": 1493.6409950256348,
          "loss_test": 499.23385310173035
        }
      },
      "training_time_secs": 19.311585664749146
    },
    "2": {
      "train_id": "2022_12_14_09_09_32",
      "accuracies": {
        "0": {
          "accuracy_train": 0.1607142984867096,
          "accuracy_val": 0.1474820226430893
        },
        "1": {
          "accuracy_train": 0.267857164144516,
          "accuracy_val": 0.15107913315296173
        },
        "2": {
          "accuracy_train": 0.3102678656578064,
          "accuracy_val": 0.17266187071800232
        },
        "3": {
          "accuracy_train": 0.3638392984867096,
          "accuracy_val": 0.17985612154006958
        },
        "4": {
          "accuracy_train": 0.4040178656578064,
          "accuracy_val": 0.18705035746097565
        },
        "5": {
          "accuracy_train": 0.4308035969734192,
          "accuracy_val": 0.19064748287200928
        },
        "6": {
          "accuracy_train": 0.5334821939468384,
          "accuracy_val": 0.1858513206243515
        },
        "7": {
          "accuracy_train": 0.5803571939468384,
          "accuracy_val": 0.18705035746097565
        },
        "8": {
          "accuracy_train": 0.6830357313156128,
          "accuracy_val": 0.19184651970863342
        },
        "9": {
          "accuracy_train": 0.7455357313156128,
          "accuracy_val": 0.20983213186264038,
          "accuracy_test": 0.1690647453069687
        }
      },
      "losses": {
        "0": {
          "loss_train": 812.6230850219727,
          "loss_val": 1506.142062664032
        },
        "1": {
          "loss_train": 788.6936187744141,
          "loss_val": 1501.078197479248
        },
        "2": {
          "loss_train": 778.6031494140625,
          "loss_val": 1496.5954689979553
        },
        "3": {
          "loss_train": 769.7282867431641,
          "loss_val": 1496.4452624320984
        },
        "4": {
          "loss_train": 762.14306640625,
          "loss_val": 1495.4344980716705
        },