{"k_fold_cv_id": "2022_12_11_12_34_48", "stats_type": "k_fold_cross_validation", "k_folds_cv_num_folds": 3, "data_logs": {"data_type": "mel_spectrogram", "dataset_size": "xxxxs", "batch_size": 32, "num_samples_per_second": 8000, "num_channels": 1, "train_transforms": "[\"{'transform_name': 'StandardizeTransform', 'mean': 9.90877914428711, 'std': 85.48518371582031}\"]"}, "optimizer_config": {"lr": 0.1, "momentum": 0.9, "weight_decay": 1e-06, "nesterov": true}, "model_setup": {"num_layers": 5, "kernel_sizes": [2, 2, 2, 2, 2], "strides": [2, 2, 1, 1, 1], "in_channels": 1, "num_filters": [4, 8, 16, 32, 64], "pool_sizes": [2, 2, 2, 2, 2], "pool_strides": [2, 2, 1, 1, 1], "dropout_p_conv": 0.0, "dropout_p_linear": 0.5}, "training_logs": {"0": {"train_id": "2022_12_11_12_34_48", "accuracies": {"0": {"accuracy_train": 0.09259259700775146, "accuracy_val": 0.2222222238779068}, "1": {"accuracy_train": 0.42592594027519226, "accuracy_val": 0.3333333432674408}, "2": {"accuracy_train": 0.40740740299224854, "accuracy_val": 0.29629629850387573}, "3": {"accuracy_train": 0.4444444477558136, "accuracy_val": 0.29629629850387573}, "4": {"accuracy_train": 0.4444444477558136, "accuracy_val": 0.29629629850387573}, "5": {"accuracy_train": 0.46296295523643494, "accuracy_val": 0.25925925374031067}, "6": {"accuracy_train": 0.46296295523643494, "accuracy_val": 0.25925925374031067}, "7": {"accuracy_train": 0.46296295523643494, "accuracy_val": 0.29629629850387573}, "8": {"accuracy_train": 0.4444444477558136, "accuracy_val": 0.29629629850387573}, "9": {"accuracy_train": 0.46296295523643494, "accuracy_val": 0.29629629850387573, "accuracy_test": 0.2222222238779068}}, "losses": {"0": {"loss_train": 95.24460625648499, "loss_val": 48.62517821788788}, "1": {"loss_train": 83.89426445960999, "loss_val": 46.98636996746063}, "2": {"loss_train": 76.64348793029785, "loss_val": 46.03874123096466}, "3": {"loss_train": 74.8067262172699, "loss_val": 46.45768082141876}, "4": {"loss_train": 73.62385654449463, "loss_val": 47.50588595867157}, "5": {"loss_train": 72.8358895778656, "loss_val": 48.486695766448975}, "6": {"loss_train": 72.39991164207458, "loss_val": 48.72038912773132}, "7": {"loss_train": 72.68057751655579, "loss_val": 48.698495864868164}, "8": {"loss_train": 72.0229742527008, "loss_val": 48.651793241500854}, "9": {"loss_train": 71.88954281806946, "loss_val": 48.59700536727905, "loss_test": 16.127866864204407}}, "training_time_secs": 1.0694873332977295}, "1": {"train_id": "2022_12_11_12_34_49", "accuracies": {"0": {"accuracy_train": 0.24074074625968933, "accuracy_val": 0.18518519401550293}, "1": {"accuracy_train": 0.6111111044883728, "accuracy_val": 0.40740740299224854}, "2": {"accuracy_train": 0.5740740895271301, "accuracy_val": 0.4444444477558136}, "3": {"accuracy_train": 0.6666666865348816, "accuracy_val": 0.37037038803100586}, "4": {"accuracy_train": 0.6111111044883728, "accuracy_val": 0.37037038803100586}, "5": {"accuracy_train": 0.6851851940155029, "accuracy_val": 0.3333333432674408}, "6": {"accuracy_train": 0.6111111044883728, "accuracy_val": 0.3333333432674408}, "7": {"accuracy_train": 0.5925925970077515, "accuracy_val": 0.29629629850387573}, "8": {"accuracy_train": 0.6296296119689941, "accuracy_val": 0.29629629850387573}, "9": {"accuracy_train": 0.6481481790542603, "accuracy_val": 0.40740740299224854, "accuracy_test": 0.4444444477558136}}, "losses": {"0": {"loss_train": 101.18533325195312, "loss_val": 47.928131103515625}, "1": {"loss_train": 86.56435418128967, "loss_val": 46.79034447669983}, "2": {"loss_train": 82.50954270362854, "loss_val": 45.52907109260559}, "3": {"loss_train": 79.29309248924255, "loss_val": 44.14831495285034}, "4": {"loss_train": 76.94168496131897, "loss_val": 43.128987550735474}, "5": {"loss_train": 74.5936553478241, "loss_val": 42.64840114116669}, "6": {"loss_train": 73.61346793174744, "loss_val": 42.79952323436737}, "7": {"loss_train": 72.58534717559814, "loss_val": 43.2711296081543}, "8": {"loss_train": 70.88462615013123, "loss_val": 43.33723425865173}, "9": {"loss_train": 70.0325129032135, "loss_val": 42.54789876937866, "loss_test": 13.823620796203613}}, "training_time_secs": 1.0056655406951904}, "2": {"train_id": "2022_12_11_12_34_50", "accuracies": {"0": {"accuracy_train": 0.0555555559694767, "accuracy_val": 0.25925925374031067}, "1": {"accuracy_train": 0.25925925374031067, "accuracy_val": 0.25925925374031067}, "2": {"accuracy_train": 0.29629629850387573, "accuracy_val": 0.29629629850387573}, "3": {"accuracy_train": 0.3888888955116272, "accuracy_val": 0.3333333432674408}, "4": {"accuracy_train": 0.35185185074806213, "accuracy_val": 0.3333333432674408}, "5": {"accuracy_train": 0.35185185074806213, "accuracy_val": 0.3333333432674408}, "6": {"accuracy_train": 0.3888888955116272, "accuracy_val": 0.3333333432674408}, "7": {"accuracy_train": 0.3888888955116272, "accuracy_val": 0.3333333432674408}, "8": {"accuracy_train": 0.40740740299224854, "accuracy_val": 0.3333333432674408}, "9": {"accuracy_train": 0.42592594027519226, "accuracy_val": 0.37037038803100586, "accuracy_test": 0.2222222238779068}}, "losses": {"0": {"loss_train": 100.93773746490479, "loss_val": 46.094781160354614}, "1": {"loss_train": 87.45212531089783, "loss_val": 46.24762845039368}, "2": {"loss_train": 79.57593536376953, "loss_val": 45.871474385261536}, "3": {"loss_train": 74.3093113899231, "loss_val": 46.60262954235077}, "4": {"loss_train": 74.64531540870667, "loss_val": 47.55342221260071}, "5": {"loss_train": 72.18683314323425, "loss_val": 47.892284989356995}, "6": {"loss_train": 71.71388363838196, "loss_val": 48.07335340976715}, "7": {"loss_train": 71.32701921463013, "loss_val": 48.44305408000946}, "8": {"loss_train": 71.33010935783386, "loss_val": 48.52938795089722}, "9": {"loss_train": 70.84820175170898, "loss_val": 47.7437185049057, "loss_test": 14.812449336051941}}, "training_time_secs": 1.0157709121704102}}}