{"k_fold_cv_id": "2022_12_15_07_46_42", "stats_type": "k_fold_cross_validation", "k_folds_cv_num_folds": 5, "data_logs": {"data_type": "waveform", "dataset_size": "l", "batch_size": 128, "num_samples_per_second": 8000, "num_channels": 1, "train_transforms": "[\"{'transform_name': 'StandardizeTransform', 'mean': 9.85030460357666, 'std': 295.3499755859375}\", 'RandomApply(\\n    p=0.04\\n    PolarityInversion()\\n)', 'RandomApply(\\n    p=0.04\\n    Noise()\\n)', 'RandomApply(\\n    p=0.04\\n    Gain()\\n)', 'RandomApply(\\n    p=0.04\\n    Delay()\\n)', {'p_boosting_factors': None, 'epoch_steps': None}]"}, "optimizer_config": {"lr": 0.001, "momentum": 0.9, "weight_decay": 0.0001, "nesterov": true}, "model_setup": {"num_layers": 3, "kernel_sizes": [3, 3, 2], "strides": [1, 1, 1], "in_channels": 1, "num_filters": [4, 8, 12], "pool_sizes": [3, 3, 2], "pool_strides": [2, 2, 2], "dropout_p_conv": 0.0, "dropout_p_linear": 0.2}, "training_logs": {"0": {"train_id": "2022_12_15_07_46_42", "accuracies": {"0": {"accuracy_train": 0.16718751192092896, "accuracy_val": 0.12109375}, "1": {"accuracy_train": 0.18958334624767303, "accuracy_val": 0.109375}, "2": {"accuracy_train": 0.2083333432674408, "accuracy_val": 0.140625}, "3": {"accuracy_train": 0.20416668057441711, "accuracy_val": 0.15625}, "4": {"accuracy_train": 0.21718750894069672, "accuracy_val": 0.19140625}, "5": {"accuracy_train": 0.2302083522081375, "accuracy_val": 0.1484375}, "6": {"accuracy_train": 0.22031250596046448, "accuracy_val": 0.15234375}, "7": {"accuracy_train": 0.25312501192092896, "accuracy_val": 0.15625}, "8": {"accuracy_train": 0.2682291865348816, "accuracy_val": 0.22265625}, "9": {"accuracy_train": 0.27760419249534607, "accuracy_val": 0.19921875}, "10": {"accuracy_train": 0.27760419249534607, "accuracy_val": 0.2109375}, "11": {"accuracy_train": 0.29375001788139343, "accuracy_val": 0.265625}, "12": {"accuracy_train": 0.3020833432674408, "accuracy_val": 0.12890625}, "13": {"accuracy_train": 0.3213541805744171, "accuracy_val": 0.2109375}, "14": {"accuracy_train": 0.34687501192092896, "accuracy_val": 0.24609375}, "15": {"accuracy_train": 0.32760417461395264, "accuracy_val": 0.15625}, "16": {"accuracy_train": 0.34687501192092896, "accuracy_val": 0.15234375}, "17": {"accuracy_train": 0.3593750298023224, "accuracy_val": 0.1328125}, "18": {"accuracy_train": 0.3697916865348816, "accuracy_val": 0.15234375, "accuracy_test": 0.1875}}, "losses": {"0": {"loss_train": 3460.660110473633, "loss_val": 459.07611083984375}, "1": {"loss_train": 3442.4321899414062, "loss_val": 459.3514099121094}, "2": {"loss_train": 3433.9796295166016, "loss_val": 459.4202117919922}, "3": {"loss_train": 3428.3562774658203, "loss_val": 462.3035888671875}, "4": {"loss_train": 3432.8599853515625, "loss_val": 459.8851318359375}, "5": {"loss_train": 3411.5159606933594, "loss_val": 462.21043395996094}, "6": {"loss_train": 3418.7784271240234, "loss_val": 459.37892150878906}, "7": {"loss_train": 3388.198684692383, "loss_val": 460.11090087890625}, "8": {"loss_train": 3366.730026245117, "loss_val": 452.61268615722656}, "9": {"loss_train": 3351.904586791992, "loss_val": 460.0904235839844}, "10": {"loss_train": 3346.8937225341797, "loss_val": 454.76832580566406}, "11": {"loss_train": 3337.585464477539, "loss_val": 453.0700988769531}, "12": {"loss_train": 3320.8516235351562, "loss_val": 487.0269317626953}, "13": {"loss_train": 3296.7464904785156, "loss_val": 454.69590759277344}, "14": {"loss_train": 3261.4078674316406, "loss_val": 450.27793884277344}, "15": {"loss_train": 3289.7084350585938, "loss_val": 482.74951171875}, "16": {"loss_train": 3258.9459381103516, "loss_val": 483.88677978515625}, "17": {"loss_train": 3247.667037963867, "loss_val": 485.12127685546875}, "18": {"loss_train": 3225.2488708496094, "loss_val": 483.8948059082031, "loss_test": 473.8202667236328}}, "training_time_secs": 238.76044511795044}, "1": {"train_id": "2022_12_15_07_46_42", "accuracies": {"0": {"accuracy_train": 0.16718751192092896, "accuracy_val": 0.12109375}, "1": {"accuracy_train": 0.18958334624767303, "accuracy_val": 0.109375}, "2": {"accuracy_train": 0.2083333432674408, "accuracy_val": 0.140625}, "3": {"accuracy_train": 0.20416668057441711, "accuracy_val": 0.15625}, "4": {"accuracy_train": 0.21718750894069672, "accuracy_val": 0.19140625}, "5": {"accuracy_train": 0.2302083522081375, "accuracy_val": 0.1484375}, "6": {"accuracy_train": 0.22031250596046448, "accuracy_val": 0.15234375}, "7": {"accuracy_train": 0.25312501192092896, "accuracy_val": 0.15625}, "8": {"accuracy_train": 0.2682291865348816, "accuracy_val": 0.22265625}, "9": {"accuracy_train": 0.27760419249534607, "accuracy_val": 0.19921875}, "10": {"accuracy_train": 0.27760419249534607, "accuracy_val": 0.2109375}, "11": {"accuracy_train": 0.29375001788139343, "accuracy_val": 0.265625}, "12": {"accuracy_train": 0.3020833432674408, "accuracy_val": 0.12890625}, "13": {"accuracy_train": 0.3213541805744171, "accuracy_val": 0.2109375}, "14": {"accuracy_train": 0.34687501192092896, "accuracy_val": 0.24609375}, "15": {"accuracy_train": 0.32760417461395264, "accuracy_val": 0.15625}, "16": {"accuracy_train": 0.34687501192092896, "accuracy_val": 0.15234375}, "17": {"accuracy_train": 0.3593750298023224, "accuracy_val": 0.1328125}, "18": {"accuracy_train": 0.3697916865348816, "accuracy_val": 0.15234375, "accuracy_test": 0.1875}}, "losses": {"0": {"loss_train": 3460.660110473633, "loss_val": 459.07611083984375}, "1": {"loss_train": 3442.4321899414062, "loss_val": 459.3514099121094}, "2": {"loss_train": 3433.9796295166016, "loss_val": 459.4202117919922}, "3": {"loss_train": 3428.3562774658203, "loss_val": 462.3035888671875}, "4": {"loss_train": 3432.8599853515625, "loss_val": 459.8851318359375}, "5": {"loss_train": 3411.5159606933594, "loss_val": 462.21043395996094}, "6": {"loss_train": 3418.7784271240234, "loss_val": 459.37892150878906}, "7": {"loss_train": 3388.198684692383, "loss_val": 460.11090087890625}, "8": {"loss_train": 3366.730026245117, "loss_val": 452.61268615722656}, "9": {"loss_train": 3351.904586791992, "loss_val": 460.0904235839844}, "10": {"loss_train": 3346.8937225341797, "loss_val": 454.76832580566406}, "11": {"loss_train": 3337.585464477539, "loss_val": 453.0700988769531}, "12": {"loss_train": 3320.8516235351562, "loss_val": 487.0269317626953}, "13": {"loss_train": 3296.7464904785156, "loss_val": 454.69590759277344}, "14": {"loss_train": 3261.4078674316406, "loss_val": 450.27793884277344}, "15": {"loss_train": 3289.7084350585938, "loss_val": 482.74951171875}, "16": {"loss_train": 3258.9459381103516, "loss_val": 483.88677978515625}, "17": {"loss_train": 3247.667037963867, "loss_val": 485.12127685546875}, "18": {"loss_train": 3225.2488708496094, "loss_val": 483.8948059082031, "loss_test": 473.8202667236328}}, "training_time_secs": 238.76044511795044}, "2": {"train_id": "2022_12_15_07_46_42", "accuracies": {"0": {"accuracy_train": 0.16718751192092896, "accuracy_val": 0.12109375}, "1": {"accuracy_train": 0.18958334624767303, "accuracy_val": 0.109375}, "2": {"accuracy_train": 0.2083333432674408, "accuracy_val": 0.140625}, "3": {"accuracy_train": 0.20416668057441711, "accuracy_val": 0.15625}, "4": {"accuracy_train": 0.21718750894069672, "accuracy_val": 0.19140625}, "5": {"accuracy_train": 0.2302083522081375, "accuracy_val": 0.1484375}, "6": {"accuracy_train": 0.22031250596046448, "accuracy_val": 0.15234375}, "7": {"accuracy_train": 0.25312501192092896, "accuracy_val": 0.15625}, "8": {"accuracy_train": 0.2682291865348816, "accuracy_val": 0.22265625}, "9": {"accuracy_train": 0.27760419249534607, "accuracy_val": 0.19921875}, "10": {"accuracy_train": 0.27760419249534607, "accuracy_val": 0.2109375}, "11": {"accuracy_train": 0.29375001788139343, "accuracy_val": 0.265625}, "12": {"accuracy_train": 0.3020833432674408, "accuracy_val": 0.12890625}, "13": {"accuracy_train": 0.3213541805744171, "accuracy_val": 0.2109375}, "14": {"accuracy_train": 0.34687501192092896, "accuracy_val": 0.24609375},