{"stats_type": "k_fold_cross_validation", "k_folds_cv_num_folds": 3, "data_logs": {"data_type": "waveform", "dataset_size": "s", "batch_size": 16, "num_samples_per_second": 8000, "num_channels": 1, "train_transforms": "[\"{'transform_name': 'StandardizeTransform', 'mean': -7.975741027621552e-05, 'std': 0.2950393557548523}\"]"}, "optimizer_config": {"lr": 0.001, "momentum": 0.9, "weight_decay": 1e-06, "nesterov": true}, "model_setup": {"num_layers": 5, "kernel_sizes": [64, 32, 16, 8, 4], "strides": [3, 3, 2, 2, 2], "in_channels": 1, "num_filters": [8, 16, 32, 64, 6], "pool_sizes": [8, 8, 2, 2, 4], "pool_strides": [8, 8, 2, 4, 2], "dropout_p_conv": 0.0, "dropout_p_linear": 0.5}, "training_logs": {"0": {"train_id": "2022_12_10_08_40_03", "accuracies": {"0": {"accuracy_train": 0.20048019289970398, "accuracy_val": 0.24220624566078186}, "1": {"accuracy_train": 0.2358943521976471, "accuracy_val": 0.243405282497406}, "2": {"accuracy_train": 0.26590636372566223, "accuracy_val": 0.23621103167533875, "accuracy_test": 0.27697843313217163}}, "losses": {"0": {"loss_train": 2970.4047322273254, "loss_val": 1459.8104410171509}, "1": {"loss_train": 2915.3064737319946, "loss_val": 1449.3304753303528}, "2": {"loss_train": 2896.152820587158, "loss_val": 1454.0446453094482, "loss_test": 480.5576956272125}}, "training_time_secs": 11.385050773620605}, "1": {"train_id": "2022_12_10_08_40_16", "accuracies": {"0": {"accuracy_train": 0.18056388199329376, "accuracy_val": 0.22328931093215942}, "1": {"accuracy_train": 0.21895620226860046, "accuracy_val": 0.2665065824985504}, "2": {"accuracy_train": 0.25674864649772644, "accuracy_val": 0.2713085114955902, "accuracy_test": 0.24820144474506378}}, "losses": {"0": {"loss_train": 2979.8705464601517, "loss_val": 1470.3734827041626}, "1": {"loss_train": 2918.3102083206177, "loss_val": 1448.0192462205887}, "2": {"loss_train": 2889.5338611602783, "loss_val": 1432.6226040124893, "loss_test": 479.35390853881836}}, "training_time_secs": 8.138862609863281}, "2": {"train_id": "2022_12_10_08_40_24", "accuracies": {"0": {"accuracy_train": 0.17816436290740967, "accuracy_val": 0.22929170727729797}, "1": {"accuracy_train": 0.22015595436096191, "accuracy_val": 0.20888355374336243}, "2": {"accuracy_train": 0.2483503222465515, "accuracy_val": 0.23169267177581787, "accuracy_test": 0.2733812928199768}}, "losses": {"0": {"loss_train": 2991.086422920227, "loss_val": 1479.72449529171}, "1": {"loss_train": 2952.136691570282, "loss_val": 1468.859426021576}, "2": {"loss_train": 2928.50946187973, "loss_val": 1459.0401604175568, "loss_test": 482.3449821472168}}, "training_time_secs": 8.281394243240356}}}