{"k_fold_cv_id": "2022_12_14_09_48_27", "stats_type": "k_fold_cross_validation", "k_folds_cv_num_folds": 3, "data_logs": {"data_type": "waveform", "dataset_size": "s", "batch_size": 64, "num_samples_per_second": 8000, "num_channels": 1, "train_transforms": "[\"{'transform_name': 'StandardizeTransform', 'mean': -7.975741027621552e-05, 'std': 0.2950393557548523}\", 'RandomApply(\\n    p=1e-06\\n    PolarityInversion()\\n)', 'RandomApply(\\n    p=1e-06\\n    Noise()\\n)', 'RandomApply(\\n    p=1e-06\\n    Gain()\\n)', 'RandomApply(\\n    p=1e-06\\n    Delay()\\n)', {'p_boosting_factors': None, 'epoch_steps': None}]"}, "optimizer_config": {"lr": 0.1, "momentum": 0.9, "weight_decay": 0.001, "nesterov": true}, "model_setup": {"num_layers": 1, "in_features": [238000], "out_features": [6], "bias": true, "dropout_p": 0.8}, "training_logs": {"0": {"train_id": "2022_12_14_09_48_27", "accuracies": {"0": {"accuracy_train": 0.22265625, "accuracy_val": 0.16546763479709625}, "1": {"accuracy_train": 0.30078125, "accuracy_val": 0.16546763479709625}, "2": {"accuracy_train": 0.3828125, "accuracy_val": 0.1690647453069687}, "3": {"accuracy_train": 0.40234375, "accuracy_val": 0.16786570847034454}, "4": {"accuracy_train": 0.4375, "accuracy_val": 0.1690647453069687}, "5": {"accuracy_train": 0.4765625, "accuracy_val": 0.1750599592924118}, "6": {"accuracy_train": 0.56640625, "accuracy_val": 0.17266187071800232}, "7": {"accuracy_train": 0.609375, "accuracy_val": 0.17625899612903595}, "8": {"accuracy_train": 0.59375, "accuracy_val": 0.17625899612903595}, "9": {"accuracy_train": 0.6328125, "accuracy_val": 0.1774580329656601}, "10": {"accuracy_train": 0.71875, "accuracy_val": 0.17865708470344543}, "11": {"accuracy_train": 0.70703125, "accuracy_val": 0.1750599592924118}, "12": {"accuracy_train": 0.71875, "accuracy_val": 0.17625899612903595}, "13": {"accuracy_train": 0.78515625, "accuracy_val": 0.1774580329656601}, "14": {"accuracy_train": 0.83203125, "accuracy_val": 0.17266187071800232}, "15": {"accuracy_train": 0.85546875, "accuracy_val": 0.17865708470344543}, "16": {"accuracy_train": 0.7890625, "accuracy_val": 0.17625899612903595}, "17": {"accuracy_train": 0.85546875, "accuracy_val": 0.18105515837669373}, "18": {"accuracy_train": 0.890625, "accuracy_val": 0.1834532469511032}, "19": {"accuracy_train": 0.87109375, "accuracy_val": 0.188249409198761}, "20": {"accuracy_train": 0.9140625, "accuracy_val": 0.1942446082830429}, "21": {"accuracy_train": 0.8828125, "accuracy_val": 0.19064748287200928}, "22": {"accuracy_train": 0.91796875, "accuracy_val": 0.1942446082830429}, "23": {"accuracy_train": 0.953125, "accuracy_val": 0.19064748287200928}, "24": {"accuracy_train": 0.93359375, "accuracy_val": 0.19064748287200928}, "25": {"accuracy_train": 0.92578125, "accuracy_val": 0.1942446082830429}, "26": {"accuracy_train": 0.95703125, "accuracy_val": 0.19544364511966705}, "27": {"accuracy_train": 0.953125, "accuracy_val": 0.19544364511966705}, "28": {"accuracy_train": 0.96875, "accuracy_val": 0.19544364511966705}, "29": {"accuracy_train": 0.984375, "accuracy_val": 0.1966426968574524, "accuracy_test": 0.16187050938606262}}, "losses": {"0": {"loss_train": 461.9164276123047, "loss_val": 1541.5678081512451}, "1": {"loss_train": 444.46146392822266, "loss_val": 1501.9050149917603}, "2": {"loss_train": 434.9859313964844, "loss_val": 1497.5387089252472}, "3": {"loss_train": 438.85765075683594, "loss_val": 1497.0901200771332}, "4": {"loss_train": 428.9268798828125, "loss_val": 1497.4848823547363}, "5": {"loss_train": 434.37572479248047, "loss_val": 1494.6377108097076}, "6": {"loss_train": 427.5127487182617, "loss_val": 1493.8545050621033}, "7": {"loss_train": 414.3567657470703, "loss_val": 1494.3801317214966}, "8": {"loss_train": 403.3539810180664, "loss_val": 1495.3384265899658}, "9": {"loss_train": 401.55945587158203, "loss_val": 1496.5346591472626}, "10": {"loss_train": 394.0026168823242, "loss_val": 1497.1136825084686}, "11": {"loss_train": 384.05115509033203, "loss_val": 1498.3503317832947}, "12": {"loss_train": 391.32513427734375, "loss_val": 1495.995506286621}, "13": {"loss_train": 372.80335998535156, "loss_val": 1496.4492778778076}, "14": {"loss_train": 370.9856948852539, "loss_val": 1495.4606537818909}, "15": {"loss_train": 371.4297866821289, "loss_val": 1494.5589439868927}, "16": {"loss_train": 364.81517028808594, "loss_val": 1495.4569025039673}, "17": {"loss_train": 353.7784881591797, "loss_val": 1494.987498998642}, "18": {"loss_train": 338.8086395263672, "loss_val": 1496.1412019729614}, "19": {"loss_train": 341.2568359375, "loss_val": 1497.4888768196106}, "20": {"loss_train": 326.6847152709961, "loss_val": 1498.709795475006}, "21": {"loss_train": 331.00059509277344, "loss_val": 1500.3047592639923}, "22": {"loss_train": 329.6848907470703, "loss_val": 1497.7483458518982}, "23": {"loss_train": 314.9930877685547, "loss_val": 1499.2636592388153}, "24": {"loss_train": 312.6193161010742, "loss_val": 1500.9212539196014}, "25": {"loss_train": 308.8462219238281, "loss_val": 1501.8605751991272}, "26": {"loss_train": 305.64137268066406, "loss_val": 1502.0448920726776}, "27": {"loss_train": 306.84169006347656, "loss_val": 1501.836009502411}, "28": {"loss_train": 302.3141326904297, "loss_val": 1501.5934147834778}, "29": {"loss_train": 298.24486541748047, "loss_val": 1500.732991218567, "loss_test": 502.3252966403961}}, "training_time_secs": 58.9359495639801}, "1": {"train_id": "2022_12_14_09_48_27", "accuracies": {"0": {"accuracy_train": 0.22265625, "accuracy_val": 0.16546763479709625}, "1": {"accuracy_train": 0.30078125, "accuracy_val": 0.16546763479709625}, "2": {"accuracy_train": 0.3828125, "accuracy_val": 0.1690647453069687}, "3": {"accuracy_train": 0.40234375, "accuracy_val": 0.16786570847034454}, "4": {"accuracy_train": 0.4375, "accuracy_val": 0.1690647453069687}, "5": {"accuracy_train": 0.4765625, "accuracy_val": 0.1750599592924118}, "6": {"accuracy_train": 0.56640625, "accuracy_val": 0.17266187071800232}, "7": {"accuracy_train": 0.609375, "accuracy_val": 0.17625899612903595}, "8": {"accuracy_train": 0.59375, "accuracy_val": 0.17625899612903595}, "9": {"accuracy_train": 0.6328125, "accuracy_val": 0.1774580329656601}, "10": {"accuracy_train": 0.71875, "accuracy_val": 0.17865708470344543}, "11": {"accuracy_train": 0.70703125, "accuracy_val": 0.1750599592924118}, "12": {"accuracy_train": 0.71875, "accuracy_val": 0.17625899612903595}, "13": {"accuracy_train": 0.78515625, "accuracy_val": 0.1774580329656601}, "14": {"accuracy_train": 0.83203125, "accuracy_val": 0.17266187071800232}, "15": {"accuracy_train": 0.85546875, "accuracy_val": 0.17865708470344543}, "16": {"accuracy_train": 0.7890625, "accuracy_val": 0.17625899612903595}, "17": {"accuracy_train": 0.85546875, "accuracy_val": 0.18105515837669373}, "18": {"accuracy_train": 0.890625, "accuracy_val": 0.1834532469511032}, "19": {"accuracy_train": 0.87109375, "accuracy_val": 0.188249409198761}, "20": {"accuracy_train": 0.9140625, "accuracy_val": 0.1942446082830429}, "21": {"accuracy_train": 0.8828125, "accuracy_val": 0.19064748287200928}, "22": {"accuracy_train": 0.91796875, "accuracy_val": 0.1942446082830429}, "23": {"accuracy_train": 0.953125, "accuracy_val": 0.19064748287200928}, "24": {"accuracy_train": 0.93359375, "accuracy_val": 0.19064748287200928}, "25": {"accuracy_train": 0.92578125, "accuracy_val": 0.1942446082830429}, "26": {"accuracy_train": 0.95703125, "accuracy_val": 0.19544364511966705}, "27": {"accuracy_train": 0.953125, "accuracy_val": 0.19544364511966705}, "28": {"accuracy_train": 0.96875, "accuracy_val": 0.19544364511966705}, "29": {"accuracy_train": 0.984375, "accuracy_val": 0.1966426968574524, "accuracy_test": 0.16187050938606262}}, "losses": {"0": {"loss_train": 461.9164276123047, "loss_val": 1541.5678081512451}, "1": {"loss_train": 444.46146392822266, "loss_val": 1501.9050149917603}, "2": {"loss_train": 434.9859313964844, "loss_val": 1497.5387089252472}, "3": {"loss_train": 438.85765075683594, "loss_val": 1497.0901200771332},