{"k_fold_cv_id": "2022_12_11_13_47_53", "stats_type": "k_fold_cross_validation", "k_folds_cv_num_folds": 3, "data_logs": {"data_type": "mel_spectrogram", "dataset_size": "s", "batch_size": 16, "num_samples_per_second": 8000, "num_channels": 1, "train_transforms": "[\"{'transform_name': 'StandardizeTransform', 'mean': 9.398724555969238, 'std': 87.70199584960938}\"]"}, "optimizer_config": {"lr": 0.001, "momentum": 0.9, "weight_decay": 1e-06, "nesterov": true}, "model_setup": {"num_layers": 4, "kernel_sizes": [2, 2, 2, 2], "strides": [2, 2, 1, 1], "in_channels": 1, "num_filters": [1, 2, 4, 8], "pool_sizes": [2, 2, 2, 2], "pool_strides": [2, 2, 1, 1], "dropout_p_conv": 0.0, "dropout_p_linear": 0.5}, "training_logs": {"0": {"train_id": "2022_12_11_13_47_53", "accuracies": {"0": {"accuracy_train": 0.2760416865348816, "accuracy_val": 0.2182254195213318}, "1": {"accuracy_train": 0.1822916716337204, "accuracy_val": 0.2326139211654663}, "2": {"accuracy_train": 0.2239583432674408, "accuracy_val": 0.2266187071800232}, "3": {"accuracy_train": 0.21875, "accuracy_val": 0.23980815708637238}, "4": {"accuracy_train": 0.28125, "accuracy_val": 0.24940048158168793}, "5": {"accuracy_train": 0.265625, "accuracy_val": 0.23980815708637238}, "6": {"accuracy_train": 0.2708333432674408, "accuracy_val": 0.22901679575443268}, "7": {"accuracy_train": 0.3333333432674408, "accuracy_val": 0.2326139211654663}, "8": {"accuracy_train": 0.3333333432674408, "accuracy_val": 0.24820144474506378}, "9": {"accuracy_train": 0.265625, "accuracy_val": 0.24100719392299652}, "10": {"accuracy_train": 0.3177083432674408, "accuracy_val": 0.24220624566078186}, "11": {"accuracy_train": 0.296875, "accuracy_val": 0.25539568066596985}, "12": {"accuracy_train": 0.3385416865348816, "accuracy_val": 0.2517985701560974}, "13": {"accuracy_train": 0.3229166865348816, "accuracy_val": 0.256594717502594}, "14": {"accuracy_train": 0.3645833432674408, "accuracy_val": 0.25299760699272156}, "15": {"accuracy_train": 0.2916666865348816, "accuracy_val": 0.2577937841415405}, "16": {"accuracy_train": 0.3177083432674408, "accuracy_val": 0.24460431933403015}, "17": {"accuracy_train": 0.3229166865348816, "accuracy_val": 0.24700240790843964}, "18": {"accuracy_train": 0.3229166865348816, "accuracy_val": 0.2625899314880371}, "19": {"accuracy_train": 0.375, "accuracy_val": 0.24940048158168793}, "20": {"accuracy_train": 0.3125, "accuracy_val": 0.25059953331947327}, "21": {"accuracy_train": 0.3020833432674408, "accuracy_val": 0.2541966438293457}, "22": {"accuracy_train": 0.3177083432674408, "accuracy_val": 0.2589928209781647}, "23": {"accuracy_train": 0.34375, "accuracy_val": 0.256594717502594}, "24": {"accuracy_train": 0.3645833432674408, "accuracy_val": 0.2577937841415405}, "25": {"accuracy_train": 0.390625, "accuracy_val": 0.2589928209781647}, "26": {"accuracy_train": 0.375, "accuracy_val": 0.2589928209781647}, "27": {"accuracy_train": 0.4010416865348816, "accuracy_val": 0.2541966438293457}, "28": {"accuracy_train": 0.390625, "accuracy_val": 0.2541966438293457}, "29": {"accuracy_train": 0.359375, "accuracy_val": 0.2601918578147888, "accuracy_test": 0.2733812928199768}}, "losses": {"0": {"loss_train": 340.52803802490234, "loss_val": 1480.8317728042603}, "1": {"loss_train": 343.85885429382324, "loss_val": 1470.2586221694946}, "2": {"loss_train": 337.862096786499, "loss_val": 1463.7638902664185}, "3": {"loss_train": 339.8750648498535, "loss_val": 1463.5262274742126}, "4": {"loss_train": 334.9347724914551, "loss_val": 1461.8799254894257}, "5": {"loss_train": 337.53256607055664, "loss_val": 1460.6369891166687}, "6": {"loss_train": 332.66006660461426, "loss_val": 1452.0083255767822}, "7": {"loss_train": 332.044189453125, "loss_val": 1449.0943486690521}, "8": {"loss_train": 326.0838851928711, "loss_val": 1443.9410140514374}, "9": {"loss_train": 328.72155952453613, "loss_val": 1439.5906956195831}, "10": {"loss_train": 326.7521381378174, "loss_val": 1441.7882449626923}, "11": {"loss_train": 324.67204093933105, "loss_val": 1439.6903808116913}, "12": {"loss_train": 326.25721740722656, "loss_val": 1440.1191744804382}, "13": {"loss_train": 323.55542373657227, "loss_val": 1438.0537476539612}, "14": {"loss_train": 321.48472785949707, "loss_val": 1438.4503827095032}, "15": {"loss_train": 325.2159996032715, "loss_val": 1435.8577041625977}, "16": {"loss_train": 325.4435558319092, "loss_val": 1436.4150695800781}, "17": {"loss_train": 326.97948265075684, "loss_val": 1435.482442855835}, "18": {"loss_train": 324.07154273986816, "loss_val": 1434.9391853809357}, "19": {"loss_train": 315.5467929840088, "loss_val": 1432.487506389618}, "20": {"loss_train": 327.3563175201416, "loss_val": 1430.2507145404816}, "21": {"loss_train": 324.40209197998047, "loss_val": 1431.5137615203857}, "22": {"loss_train": 321.18757247924805, "loss_val": 1432.3250975608826}, "23": {"loss_train": 323.1316032409668, "loss_val": 1431.1074662208557}, "24": {"loss_train": 314.6276264190674, "loss_val": 1429.2543635368347}, "25": {"loss_train": 319.75013160705566, "loss_val": 1428.800343990326}, "26": {"loss_train": 320.8563289642334, "loss_val": 1427.9472711086273}, "27": {"loss_train": 313.51683235168457, "loss_val": 1427.5773301124573}, "28": {"loss_train": 315.7143249511719, "loss_val": 1429.3241579532623}, "29": {"loss_train": 317.4951286315918, "loss_val": 1429.6796097755432, "loss_test": 478.36251878738403}}, "training_time_secs": 57.79917001724243}, "1": {"train_id": "2022_12_11_13_48_52", "accuracies": {"0": {"accuracy_train": 0.140625, "accuracy_val": 0.17767105996608734}, "1": {"accuracy_train": 0.2083333432674408, "accuracy_val": 0.19567826390266418}, "2": {"accuracy_train": 0.2135416716337204, "accuracy_val": 0.1932772994041443}, "3": {"accuracy_train": 0.2604166865348816, "accuracy_val": 0.18007202446460724}, "4": {"accuracy_train": 0.1666666716337204, "accuracy_val": 0.21848738193511963}, "5": {"accuracy_train": 0.1458333432674408, "accuracy_val": 0.21848738193511963}, "6": {"accuracy_train": 0.2291666716337204, "accuracy_val": 0.21368546783924103}, "7": {"accuracy_train": 0.265625, "accuracy_val": 0.24129651486873627}, "8": {"accuracy_train": 0.2552083432674408, "accuracy_val": 0.24129651486873627}, "9": {"accuracy_train": 0.234375, "accuracy_val": 0.24249699711799622}, "10": {"accuracy_train": 0.28125, "accuracy_val": 0.22208882868289948}, "11": {"accuracy_train": 0.265625, "accuracy_val": 0.24249699711799622}, "12": {"accuracy_train": 0.2760416865348816, "accuracy_val": 0.23529410362243652}, "13": {"accuracy_train": 0.3541666865348816, "accuracy_val": 0.24129651486873627}, "14": {"accuracy_train": 0.359375, "accuracy_val": 0.24369746446609497}, "15": {"accuracy_train": 0.3385416865348816, "accuracy_val": 0.23889555037021637}, "16": {"accuracy_train": 0.3020833432674408, "accuracy_val": 0.23169267177581787}, "17": {"accuracy_train": 0.328125, "accuracy_val": 0.23169267177581787}, "18": {"accuracy_train": 0.3229166865348816, "accuracy_val": 0.24249699711799622}, "19": {"accuracy_train": 0.328125, "accuracy_val": 0.24609842896461487}, "20": {"accuracy_train": 0.3125, "accuracy_val": 0.24489794671535492}, "21": {"accuracy_train": 0.3489583432674408, "accuracy_val": 0.24729891121387482}, "22": {"accuracy_train": 0.265625, "accuracy_val": 0.25570228695869446}, "23": {"accuracy_train": 0.3697916865348816, "accuracy_val": 0.25570228695869446}, "24": {"accuracy_train": 0.3333333432674408, "accuracy_val": 0.26290515065193176}, "25": {"accuracy_train": 0.3645833432674408, "accuracy_val": 0.25810322165489197}, "26": {"accuracy_train": 0.34375, "accuracy_val": 0.25090035796165466}, "27": {"accuracy_train": 0.3802083432674408, "accuracy_val": 0.2593037188053131}, "28": {"accuracy_train": 0.3229166865348816, "accuracy_val": 0.2545017898082733}, "29": {"accuracy_train": 0.328125, "accuracy_val": 0.25810322165489197, "accuracy_test": 0.2589928209781647}}, "losses": {"0": {"loss_train": 346.245454788208, "loss_val": 1489.7406022548676}, "1": {"loss_train": 340.5376224517822,