{"k_fold_cv_id": "2022_12_11_12_44_47", "stats_type": "k_fold_cross_validation", "k_folds_cv_num_folds": 3, "data_logs": {"data_type": "mel_spectrogram", "dataset_size": "xxxxs", "batch_size": 32, "num_samples_per_second": 8000, "num_channels": 1, "train_transforms": "[\"{'transform_name': 'StandardizeTransform', 'mean': 9.90877914428711, 'std': 85.48518371582031}\"]"}, "optimizer_config": {"lr": 0.1, "momentum": 0.9, "weight_decay": 1e-06, "nesterov": true}, "model_setup": {"num_layers": 5, "kernel_sizes": [2, 2, 2, 2, 2], "strides": [2, 2, 1, 1, 1], "in_channels": 1, "num_filters": [1, 2, 4, 8, 16], "pool_sizes": [2, 2, 2, 2, 2], "pool_strides": [2, 2, 1, 1, 1], "dropout_p_conv": 0.0, "dropout_p_linear": 0.5}, "training_logs": {"0": {"train_id": "2022_12_11_12_44_47", "accuracies": {"0": {"accuracy_train": 0.0555555559694767, "accuracy_val": 0.07407407462596893}, "1": {"accuracy_train": 0.29629629850387573, "accuracy_val": 0.14814814925193787}, "2": {"accuracy_train": 0.40740740299224854, "accuracy_val": 0.14814814925193787}, "3": {"accuracy_train": 0.40740740299224854, "accuracy_val": 0.14814814925193787}, "4": {"accuracy_train": 0.40740740299224854, "accuracy_val": 0.14814814925193787}, "5": {"accuracy_train": 0.40740740299224854, "accuracy_val": 0.14814814925193787}, "6": {"accuracy_train": 0.40740740299224854, "accuracy_val": 0.14814814925193787}, "7": {"accuracy_train": 0.40740740299224854, "accuracy_val": 0.14814814925193787}, "8": {"accuracy_train": 0.40740740299224854, "accuracy_val": 0.14814814925193787}, "9": {"accuracy_train": 0.5, "accuracy_val": 0.14814814925193787, "accuracy_test": 0.0}}, "losses": {"0": {"loss_train": 100.26325035095215, "loss_val": 48.54054379463196}, "1": {"loss_train": 89.97375726699829, "loss_val": 48.52618217468262}, "2": {"loss_train": 83.53520965576172, "loss_val": 48.76265001296997}, "3": {"loss_train": 77.40486550331116, "loss_val": 49.145511746406555}, "4": {"loss_train": 72.00464653968811, "loss_val": 49.45555794239044}, "5": {"loss_train": 75.45277786254883, "loss_val": 49.59850466251373}, "6": {"loss_train": 69.72982931137085, "loss_val": 49.800246477127075}, "7": {"loss_train": 66.22291374206543, "loss_val": 50.075035572052}, "8": {"loss_train": 65.34436750411987, "loss_val": 50.37502670288086}, "9": {"loss_train": 64.04856252670288, "loss_val": 50.66603457927704, "loss_test": 17.434043645858765}}, "training_time_secs": 0.9535527229309082}, "1": {"train_id": "2022_12_11_12_44_48", "accuracies": {"0": {"accuracy_train": 0.31481480598449707, "accuracy_val": 0.18518519401550293}, "1": {"accuracy_train": 0.3888888955116272, "accuracy_val": 0.18518519401550293}, "2": {"accuracy_train": 0.2777777910232544, "accuracy_val": 0.2222222238779068}, "3": {"accuracy_train": 0.2777777910232544, "accuracy_val": 0.2222222238779068}, "4": {"accuracy_train": 0.31481480598449707, "accuracy_val": 0.2222222238779068}, "5": {"accuracy_train": 0.5185185074806213, "accuracy_val": 0.2222222238779068}, "6": {"accuracy_train": 0.5555555820465088, "accuracy_val": 0.25925925374031067}, "7": {"accuracy_train": 0.6296296119689941, "accuracy_val": 0.2222222238779068}, "8": {"accuracy_train": 0.6481481790542603, "accuracy_val": 0.29629629850387573}, "9": {"accuracy_train": 0.7037037014961243, "accuracy_val": 0.29629629850387573, "accuracy_test": 0.4444444477558136}}, "losses": {"0": {"loss_train": 95.19049644470215, "loss_val": 47.84403419494629}, "1": {"loss_train": 87.23097443580627, "loss_val": 47.683661699295044}, "2": {"loss_train": 85.19060254096985, "loss_val": 47.36325144767761}, "3": {"loss_train": 82.43198037147522, "loss_val": 47.17638301849365}, "4": {"loss_train": 82.03541731834412, "loss_val": 47.14391005039215}, "5": {"loss_train": 79.18103170394897, "loss_val": 47.11536705493927}, "6": {"loss_train": 77.79274463653564, "loss_val": 47.0667268037796}, "7": {"loss_train": 75.74794721603394, "loss_val": 46.95949745178223}, "8": {"loss_train": 74.22923278808594, "loss_val": 47.01922595500946}, "9": {"loss_train": 74.45612359046936, "loss_val": 47.13607585430145, "loss_test": 12.72088098526001}}, "training_time_secs": 0.9752023220062256}, "2": {"train_id": "2022_12_11_12_44_49", "accuracies": {"0": {"accuracy_train": 0.1666666716337204, "accuracy_val": 0.18518519401550293}, "1": {"accuracy_train": 0.5925925970077515, "accuracy_val": 0.18518519401550293}, "2": {"accuracy_train": 0.6851851940155029, "accuracy_val": 0.18518519401550293}, "3": {"accuracy_train": 0.7777777910232544, "accuracy_val": 0.18518519401550293}, "4": {"accuracy_train": 0.8148148059844971, "accuracy_val": 0.18518519401550293}, "5": {"accuracy_train": 0.8333333134651184, "accuracy_val": 0.18518519401550293}, "6": {"accuracy_train": 0.8333333134651184, "accuracy_val": 0.2222222238779068}, "7": {"accuracy_train": 0.8703703880310059, "accuracy_val": 0.29629629850387573}, "8": {"accuracy_train": 0.8333333134651184, "accuracy_val": 0.37037038803100586}, "9": {"accuracy_train": 0.9074074029922485, "accuracy_val": 0.4444444477558136, "accuracy_test": 0.1111111119389534}}, "losses": {"0": {"loss_train": 95.90024256706238, "loss_val": 48.112971782684326}, "1": {"loss_train": 86.86247396469116, "loss_val": 48.14314019680023}, "2": {"loss_train": 79.32609701156616, "loss_val": 48.01573312282562}, "3": {"loss_train": 73.3728289604187, "loss_val": 47.833531737327576}, "4": {"loss_train": 69.54312539100647, "loss_val": 47.38681197166443}, "5": {"loss_train": 66.97323775291443, "loss_val": 47.37934148311615}, "6": {"loss_train": 65.00452208518982, "loss_val": 46.593005776405334}, "7": {"loss_train": 63.97166919708252, "loss_val": 45.98693060874939}, "8": {"loss_train": 63.16689395904541, "loss_val": 45.04681098461151}, "9": {"loss_train": 62.83067178726196, "loss_val": 44.71607208251953, "loss_test": 15.114698886871338}}, "training_time_secs": 1.0255177021026611}}}