{
  "data_logs": {
    "dataset_size": "medium",
    "normalized_audio": true,
    "audio_num_frames": 238000,
    "batch_size": 16,
    "num_samples_per_second": 8000,
    "num_channels": 1
  },
  "optimizer_parameters": {
    "optimizer": "SGD",
    "lr": 0.001,
    "momentum": 0.9,
    "weight_decay": 1e-06
  },
  "model_setup": {
    "neural_compression_num_layers": 3,
    "neural_compression_kernel_sizes": [
      3,
      3,
      3
    ],
    "neural_compression_strides": [
      3,
      2,
      2
    ],
    "neural_compression_in_channels": 1,
    "neural_compression_num_filters": [
      8,
      16,
      32
    ],
    "neural_compression_pool_sizes": [
      3,
      3,
      3
    ],
    "neural_compression_pool_strides": [
      1,
      1,
      2
    ],
    "classification_num_layers": 4,
    "classification_kernel_sizes": [
      3,
      3,
      3,
      3
    ],
    "classification_strides": [
      3,
      3,
      3,
      3
    ],
    "classification_in_channels": 32,
    "classification_num_filters": [
      32,
      64,
      128,
      6
    ],
    "classification_pool_sizes": [
      3,
      3,
      3,
      3
    ],
    "classification_pool_strides": [
      3,
      3,
      3,
      3
    ],
    "dropout_p": 0.5
  },
  "training_logs": {
    "train_id": "04_12_2022_20_14_30",
    "accuracies": {
      "0": {
        "accuracy_train": 0.20581921935081482,
        "accuracy_val": 0.17445743083953857
      },
      "1": {
        "accuracy_train": 0.266157865524292,
        "accuracy_val": 0.2086811363697052
      },
      "2": {
        "accuracy_train": 0.30193179845809937,
        "accuracy_val": 0.2237061709165573
      },
      "3": {
        "accuracy_train": 0.3098020553588867,
        "accuracy_val": 0.2545909881591797
      },
      "4": {
        "accuracy_train": 0.3253040611743927,
        "accuracy_val": 0.28380632400512695
      },
      "5": {
        "accuracy_train": 0.33532077074050903,
        "accuracy_val": 0.2963272035121918
      },
      "6": {
        "accuracy_train": 0.34366801381111145,
        "accuracy_val": 0.3105175197124481
      },
      "7": {
        "accuracy_train": 0.3596470355987549,
        "accuracy_val": 0.317195326089859
      },
      "8": {
        "accuracy_train": 0.3648938536643982,
        "accuracy_val": 0.3113522529602051
      },
      "9": {
        "accuracy_train": 0.3718101382255554,
        "accuracy_val": 0.31218695640563965
      },
      "10": {
        "accuracy_train": 0.3730026185512543,
        "accuracy_val": 0.32470783591270447
      },
      "11": {
        "accuracy_train": 0.3784879446029663,
        "accuracy_val": 0.3330550789833069
      },
      "12": {
        "accuracy_train": 0.3801574110984802,
        "accuracy_val": 0.34223705530166626
      },
      "13": {
        "accuracy_train": 0.3882661461830139,
        "accuracy_val": 0.33555924892425537
      },
      "14": {
        "accuracy_train": 0.39518243074417114,
        "accuracy_val": 0.3255425691604614
      },
      "15": {
        "accuracy_train": 0.3920820355415344,
        "accuracy_val": 0.3522537350654602
      },
      "16": {
        "accuracy_train": 0.4075840711593628,
        "accuracy_val": 0.35559263825416565
      },
      "17": {
        "accuracy_train": 0.4061531126499176,
        "accuracy_val": 0.3505842983722687
      },
      "18": {
        "accuracy_train": 0.4166467785835266,
        "accuracy_val": 0.32721200585365295
      },
      "19": {
        "accuracy_train": 0.4164083003997803,
        "accuracy_val": 0.34474122524261475
      },
      "20": {
        "accuracy_train": 0.41760075092315674,
        "accuracy_val": 0.34891486167907715
      },
      "21": {
        "accuracy_train": 0.42380157113075256,
        "accuracy_val": 0.3522537350654602
      },
      "22": {
        "accuracy_train": 0.4285714328289032,
        "accuracy_val": 0.3631051778793335
      },
      "23": {
        "accuracy_train": 0.4307178556919098,
        "accuracy_val": 0.3547579050064087
      },
      "24": {
        "accuracy_train": 0.4435964524745941,
        "accuracy_val": 0.3480801284313202
      },
      "25": {
        "accuracy_train": 0.442642480134964,
        "accuracy_val": 0.3414023220539093
      },
      "26": {
        "accuracy_train": 0.44001907110214233,
        "accuracy_val": 0.3455759584903717
      },
      "27": {
        "accuracy_train": 0.45146670937538147,
        "accuracy_val": 0.35308846831321716
      },
      "28": {
        "accuracy_train": 0.4517052173614502,
        "accuracy_val": 0.34891486167907715
      },
      "29": {
        "accuracy_train": 0.4593369662761688,
        "accuracy_val": 0.3497495651245117
      },
      "30": {
        "accuracy_train": 0.4562365710735321,
        "accuracy_val": 0.3464106619358063
      },
      "31": {
        "accuracy_train": 0.46172189712524414,
        "accuracy_val": 0.3305509090423584
      },
      "32": {
        "accuracy_train": 0.47388502955436707,
        "accuracy_val": 0.3322203457355499
      },
      "33": {
        "accuracy_train": 0.47388502955436707,
        "accuracy_val": 0.32470783591270447
      },
      "34": {
        "accuracy_train": 0.4712616205215454,
        "accuracy_val": 0.3455759584903717
      },
      "35": {
        "accuracy_train": 0.4824707806110382,
        "accuracy_val": 0.33138564229011536
      },
      "36": {
        "accuracy_train": 0.4762699604034424,
        "accuracy_val": 0.33138564229011536
      },
      "37": {
        "accuracy_train": 0.48795610666275024,
        "accuracy_val": 0.3414023220539093
      },
      "38": {
        "accuracy_train": 0.49415692687034607,
        "accuracy_val": 0.34891486167907715
      },
      "39": {
        "accuracy_train": 0.49320295453071594,
        "accuracy_val": 0.3414023220539093
      },
      "40": {
        "accuracy_train": 0.5034581422805786,
        "accuracy_val": 0.30801334977149963
      },
      "41": {
        "accuracy_train": 0.5141903162002563,
        "accuracy_val": 0.3464106619358063
      },
      "42": {
        "accuracy_train": 0.503696620464325,
        "accuracy_val": 0.322203665971756
      },
      "43": {
        "accuracy_train": 0.5106129050254822,
        "accuracy_val": 0.32721200585365295
      },
      "44": {
        "accuracy_train": 0.5234915018081665,
        "accuracy_val": 0.32303839921951294
      },
      "45": {
        "accuracy_train": 0.5091819763183594,
        "accuracy_val": 0.3005008399486542
      },
      "46": {
        "accuracy_train": 0.5218220949172974,
        "accuracy_val": 0.3180300295352936
      },
      "47": {
        "accuracy_train": 0.5282613635063171,
        "accuracy_val": 0.29716193675994873
      },
      "48": {
        "accuracy_train": 0.5335082411766052,
        "accuracy_val": 0.326377272605896
      },
      "49": {
        "accuracy_train": 0.5423324704170227,
        "accuracy_val": 0.31636059284210205
      },
      "50": {
        "accuracy_train": 0.5463868379592896,
        "accuracy_val": 0.30300500988960266
      },
      "51": {
        "accuracy_train": 0.537324070930481,
        "accuracy_val": 0.317195326089859
      },
      "52": {
        "accuracy_train": 0.5513951778411865,
        "accuracy_val": 0.3372287154197693
      },
      "53": {
        "accuracy_train": 0.5504412055015564,
        "accuracy_val": 0.2938230335712433
      },
      "54": {
        "accuracy_train": 0.5566419959068298,
        "accuracy_val": 0.32303839921951294
      },
      "55": {
        "accuracy_train": 0.5623658299446106,
        "accuracy_val": 0.33138564229011536
      },
      "56": {
        "accuracy_train": 0.5583114624023438,
        "accuracy_val": 0.3071786165237427
      },
      "57": {
        "accuracy_train": 0.5564035177230835,
        "accuracy_val": 0.30550917983055115
      },
      "58": {
        "accuracy_train": 0.5671356916427612,
        "accuracy_val": 0.3196994960308075
      },