{"data_logs": {"dataset_size": "medium", "normalized_audio": true, "audio_num_frames": 238000, "batch_size": 16, "num_samples_per_second": 8000, "num_channels": 1}, "optimizer_parameters": {"optimizer": "SGD", "lr": 0.001, "momentum": 0.9, "weight_decay": 1e-06}, "model_setup": {"neural_compression_num_layers": 3, "neural_compression_kernel_sizes": [3, 3, 3], "neural_compression_strides": [3, 2, 2], "neural_compression_in_channels": 1, "neural_compression_num_filters": [8, 16, 32], "neural_compression_pool_sizes": [3, 3, 3], "neural_compression_pool_strides": [1, 1, 2], "classification_num_layers": 4, "classification_kernel_sizes": [3, 3, 3, 3], "classification_strides": [3, 3, 3, 3], "classification_in_channels": 32, "classification_num_filters": [128, 256, 512, 6], "classification_pool_sizes": [3, 3, 3, 3], "classification_pool_strides": [3, 3, 3, 3], "dropout_p": 0.5}, "training_logs": {"train_id": "03_12_2022_09_36_39", "accuracies": {"0": {"accuracy_train": 0.2482709288597107, "accuracy_val": 0.26878130435943604}, "1": {"accuracy_train": 0.3102790415287018, "accuracy_val": 0.3063438832759857}, "2": {"accuracy_train": 0.329835444688797, "accuracy_val": 0.322203665971756}, "3": {"accuracy_train": 0.3508228063583374, "accuracy_val": 0.321368932723999}, "4": {"accuracy_train": 0.36751729249954224, "accuracy_val": 0.3347245454788208}, "5": {"accuracy_train": 0.3808728754520416, "accuracy_val": 0.33806341886520386}, "6": {"accuracy_train": 0.40281420946121216, "accuracy_val": 0.3430717885494232}, "7": {"accuracy_train": 0.4233245849609375, "accuracy_val": 0.3522537350654602}, "8": {"accuracy_train": 0.4295254051685333, "accuracy_val": 0.34724539518356323}, "9": {"accuracy_train": 0.4524206817150116, "accuracy_val": 0.3480801284313202}, "10": {"accuracy_train": 0.46553778648376465, "accuracy_val": 0.36393988132476807}, "11": {"accuracy_train": 0.48414021730422974, "accuracy_val": 0.34891486167907715}, "12": {"accuracy_train": 0.5010731816291809, "accuracy_val": 0.36227044463157654}, "13": {"accuracy_train": 0.523968517780304, "accuracy_val": 0.3672787845134735}, "14": {"accuracy_train": 0.5430479049682617, "accuracy_val": 0.3589315414428711}, "15": {"accuracy_train": 0.5523491501808167, "accuracy_val": 0.3589315414428711}, "16": {"accuracy_train": 0.5738134980201721, "accuracy_val": 0.35726210474967957}, "17": {"accuracy_train": 0.5857381224632263, "accuracy_val": 0.35976627469062805}, "18": {"accuracy_train": 0.6100643873214722, "accuracy_val": 0.34891486167907715}, "19": {"accuracy_train": 0.6250894069671631, "accuracy_val": 0.36811351776123047}, "20": {"accuracy_train": 0.6417838931083679, "accuracy_val": 0.3739565908908844}, "21": {"accuracy_train": 0.6606248617172241, "accuracy_val": 0.3672787845134735}, "22": {"accuracy_train": 0.6673026084899902, "accuracy_val": 0.3722871243953705}, "23": {"accuracy_train": 0.6844741106033325, "accuracy_val": 0.3672787845134735}, "24": {"accuracy_train": 0.6956832408905029, "accuracy_val": 0.36811351776123047}, "25": {"accuracy_train": 0.7197710275650024, "accuracy_val": 0.364774614572525}, "26": {"accuracy_train": 0.7204865217208862, "accuracy_val": 0.369782954454422}, "27": {"accuracy_train": 0.7233484387397766, "accuracy_val": 0.365609347820282}, "28": {"accuracy_train": 0.7409968972206116, "accuracy_val": 0.369782954454422}, "29": {"accuracy_train": 0.7569758892059326, "accuracy_val": 0.37896493077278137}, "30": {"accuracy_train": 0.7665156126022339, "accuracy_val": 0.3672787845134735}, "31": {"accuracy_train": 0.7681850790977478, "accuracy_val": 0.36811351776123047}, "32": {"accuracy_train": 0.7779632806777954, "accuracy_val": 0.3714524209499359}, "33": {"accuracy_train": 0.7915573120117188, "accuracy_val": 0.3631051778793335}, "34": {"accuracy_train": 0.8032434582710266, "accuracy_val": 0.3614357113838196}, "35": {"accuracy_train": 0.8156450986862183, "accuracy_val": 0.364774614572525}, "36": {"accuracy_train": 0.8189840316772461, "accuracy_val": 0.36644405126571655}, "37": {"accuracy_train": 0.8220844268798828, "accuracy_val": 0.3606009781360626}, "38": {"accuracy_train": 0.8259003162384033, "accuracy_val": 0.364774614572525}, "39": {"accuracy_train": 0.8373479247093201, "accuracy_val": 0.37479129433631897}, "40": {"accuracy_train": 0.8437872529029846, "accuracy_val": 0.38146910071372986}, "41": {"accuracy_train": 0.8483186364173889, "accuracy_val": 0.36393988132476807}, "42": {"accuracy_train": 0.8504650592803955, "accuracy_val": 0.3631051778793335}, "43": {"accuracy_train": 0.8528499603271484, "accuracy_val": 0.3631051778793335}, "44": {"accuracy_train": 0.8609586954116821, "accuracy_val": 0.37479129433631897}, "45": {"accuracy_train": 0.8614357113838196, "accuracy_val": 0.3714524209499359}, "46": {"accuracy_train": 0.8771762251853943, "accuracy_val": 0.3547579050064087}, "47": {"accuracy_train": 0.8795611262321472, "accuracy_val": 0.3672787845134735}, "48": {"accuracy_train": 0.8838540315628052, "accuracy_val": 0.3672787845134735}, "49": {"accuracy_train": 0.8862389326095581, "accuracy_val": 0.3614357113838196}, "50": {"accuracy_train": 0.8864774703979492, "accuracy_val": 0.364774614572525}, "51": {"accuracy_train": 0.8945862054824829, "accuracy_val": 0.37479129433631897}, "52": {"accuracy_train": 0.8931552171707153, "accuracy_val": 0.369782954454422}, "53": {"accuracy_train": 0.9000715017318726, "accuracy_val": 0.364774614572525}, "54": {"accuracy_train": 0.9043644070625305, "accuracy_val": 0.3397328853607178}, "55": {"accuracy_train": 0.9019794464111328, "accuracy_val": 0.3455759584903717}, "56": {"accuracy_train": 0.908180296421051, "accuracy_val": 0.35559263825416565}, "57": {"accuracy_train": 0.9110422134399414, "accuracy_val": 0.35976627469062805}, "58": {"accuracy_train": 0.9124731421470642, "accuracy_val": 0.32888147234916687}, "59": {"accuracy_train": 0.9167660474777222, "accuracy_val": 0.35559263825416565}, "60": {"accuracy_train": 0.9191509485244751, "accuracy_val": 0.3522537350654602}, "61": {"accuracy_train": 0.9210588932037354, "accuracy_val": 0.3196994960308075}, "62": {"accuracy_train": 0.9267827272415161, "accuracy_val": 0.35809680819511414}, "63": {"accuracy_train": 0.9279751777648926, "accuracy_val": 0.3397328853607178}, "64": {"accuracy_train": 0.9241592884063721, "accuracy_val": 0.3439064919948578}, "65": {"accuracy_train": 0.9315525889396667, "accuracy_val": 0.3439064919948578}, "66": {"accuracy_train": 0.9255902767181396, "accuracy_val": 0.3480801284313202}, "67": {"accuracy_train": 0.9336990118026733, "accuracy_val": 0.3388981521129608}, "68": {"accuracy_train": 0.9353684782981873, "accuracy_val": 0.33639398217201233}, "69": {"accuracy_train": 0.933460533618927, "accuracy_val": 0.3372287154197693}, "70": {"accuracy_train": 0.9322680234909058, "accuracy_val": 0.3539232015609741}, "71": {"accuracy_train": 0.9396613240242004, "accuracy_val": 0.32971617579460144}, "72": {"accuracy_train": 0.9370378851890564, "accuracy_val": 0.33806341886520386}, "73": {"accuracy_train": 0.9396613240242004, "accuracy_val": 0.3439064919948578}, "74": {"accuracy_train": 0.9420462250709534, "accuracy_val": 0.3414023220539093, "accuracy_test": 0.3583333492279053}}, "training_time_secs": 844.0350000858307}}