{"k_fold_cv_id": "2022_12_11_13_58_20", "stats_type": "k_fold_cross_validation", "k_folds_cv_num_folds": 3, "data_logs": {"data_type": "mel_spectrogram", "dataset_size": "s", "batch_size": 64, "num_samples_per_second": 8000, "num_channels": 1, "train_transforms": "[\"{'transform_name': 'StandardizeTransform', 'mean': 9.398724555969238, 'std': 87.70199584960938}\"]"}, "optimizer_config": {"lr": 0.01, "momentum": 0.9, "weight_decay": 1e-06, "nesterov": true}, "model_setup": {"num_layers": 4, "kernel_sizes": [2, 2, 2, 2], "strides": [2, 2, 1, 1], "in_channels": 1, "num_filters": [1, 2, 4, 8], "pool_sizes": [2, 2, 2, 2], "pool_strides": [2, 2, 1, 1], "dropout_p_conv": 0.0, "dropout_p_linear": 0.5}, "training_logs": {"0": {"train_id": "2022_12_11_13_58_20", "accuracies": {"0": {"accuracy_train": 0.19921875, "accuracy_val": 0.17146283388137817}, "1": {"accuracy_train": 0.1875, "accuracy_val": 0.17146283388137817}, "2": {"accuracy_train": 0.1953125, "accuracy_val": 0.15467625856399536}, "3": {"accuracy_train": 0.28125, "accuracy_val": 0.15467625856399536}, "4": {"accuracy_train": 0.2734375, "accuracy_val": 0.15467625856399536}, "5": {"accuracy_train": 0.31640625, "accuracy_val": 0.1558753103017807}, "6": {"accuracy_train": 0.28515625, "accuracy_val": 0.1342925727367401}, "7": {"accuracy_train": 0.30859375, "accuracy_val": 0.12230215966701508}, "8": {"accuracy_train": 0.38671875, "accuracy_val": 0.12350120395421982}, "9": {"accuracy_train": 0.38671875, "accuracy_val": 0.11870504170656204}, "10": {"accuracy_train": 0.37890625, "accuracy_val": 0.1175059974193573}, "11": {"accuracy_train": 0.3359375, "accuracy_val": 0.18465228378772736}, "12": {"accuracy_train": 0.42578125, "accuracy_val": 0.20263789594173431}, "13": {"accuracy_train": 0.37109375, "accuracy_val": 0.12470024079084396}, "14": {"accuracy_train": 0.38671875, "accuracy_val": 0.1258992850780487}, "15": {"accuracy_train": 0.4453125, "accuracy_val": 0.24940048158168793}, "16": {"accuracy_train": 0.453125, "accuracy_val": 0.12350120395421982}, "17": {"accuracy_train": 0.4296875, "accuracy_val": 0.17625899612903595}, "18": {"accuracy_train": 0.43359375, "accuracy_val": 0.30335733294487}, "19": {"accuracy_train": 0.46484375, "accuracy_val": 0.13309352099895477}, "20": {"accuracy_train": 0.4453125, "accuracy_val": 0.128297358751297}, "21": {"accuracy_train": 0.43359375, "accuracy_val": 0.13309352099895477}, "22": {"accuracy_train": 0.5078125, "accuracy_val": 0.13189448416233063}, "23": {"accuracy_train": 0.5390625, "accuracy_val": 0.17266187071800232}, "24": {"accuracy_train": 0.5, "accuracy_val": 0.18465228378772736}, "25": {"accuracy_train": 0.46875, "accuracy_val": 0.17386092245578766}, "26": {"accuracy_train": 0.48046875, "accuracy_val": 0.29136690497398376}, "27": {"accuracy_train": 0.484375, "accuracy_val": 0.13549160957336426}, "28": {"accuracy_train": 0.48828125, "accuracy_val": 0.26378896832466125}, "29": {"accuracy_train": 0.51953125, "accuracy_val": 0.24700240790843964, "accuracy_test": 0.2266187071800232}}, "losses": {"0": {"loss_train": 455.60974884033203, "loss_val": 1493.7165818214417}, "1": {"loss_train": 456.16443634033203, "loss_val": 1493.446949005127}, "2": {"loss_train": 451.4419860839844, "loss_val": 1492.962040901184}, "3": {"loss_train": 440.9370346069336, "loss_val": 1492.7978253364563}, "4": {"loss_train": 444.7813186645508, "loss_val": 1493.8289284706116}, "5": {"loss_train": 434.81185150146484, "loss_val": 1494.9737737178802}, "6": {"loss_train": 438.4738464355469, "loss_val": 1494.9377129077911}, "7": {"loss_train": 432.6213150024414, "loss_val": 1503.6269674301147}, "8": {"loss_train": 429.03948974609375, "loss_val": 1506.8727836608887}, "9": {"loss_train": 422.90924072265625, "loss_val": 1541.9467220306396}, "10": {"loss_train": 420.847900390625, "loss_val": 1550.753363609314}, "11": {"loss_train": 422.01941680908203, "loss_val": 1486.1262874603271}, "12": {"loss_train": 409.4044876098633, "loss_val": 1474.5750181674957}, "13": {"loss_train": 424.11270904541016, "loss_val": 1559.1835842132568}, "14": {"loss_train": 410.81005096435547, "loss_val": 1558.0936765670776}, "15": {"loss_train": 403.9938278198242, "loss_val": 1435.0127503871918}, "16": {"loss_train": 402.6488342285156, "loss_val": 1537.0308847427368}, "17": {"loss_train": 405.79518127441406, "loss_val": 1524.7164063453674}, "18": {"loss_train": 410.4178237915039, "loss_val": 1428.0956783294678}, "19": {"loss_train": 404.48841857910156, "loss_val": 1524.1742634773254}, "20": {"loss_train": 406.42189025878906, "loss_val": 1571.1752319335938}, "21": {"loss_train": 408.7462692260742, "loss_val": 1566.0991644859314}, "22": {"loss_train": 398.6774444580078, "loss_val": 1562.8741464614868}, "23": {"loss_train": 394.2265625, "loss_val": 1558.982943534851}, "24": {"loss_train": 395.1878890991211, "loss_val": 1512.2495012283325}, "25": {"loss_train": 393.83946990966797, "loss_val": 1556.2899646759033}, "26": {"loss_train": 400.321533203125, "loss_val": 1416.0330882072449}, "27": {"loss_train": 396.79515838623047, "loss_val": 1564.0444073677063}, "28": {"loss_train": 398.96778869628906, "loss_val": 1459.1298956871033}, "29": {"loss_train": 390.6925964355469, "loss_val": 1448.5181784629822, "loss_test": 485.9767019748688}}, "training_time_secs": 59.39915657043457}, "1": {"train_id": "2022_12_11_13_59_21", "accuracies": {"0": {"accuracy_train": 0.1953125, "accuracy_val": 0.18727490305900574}, "1": {"accuracy_train": 0.20703125, "accuracy_val": 0.19927971065044403}, "2": {"accuracy_train": 0.265625, "accuracy_val": 0.22088834643363953}, "3": {"accuracy_train": 0.28515625, "accuracy_val": 0.25090035796165466}, "4": {"accuracy_train": 0.296875, "accuracy_val": 0.26290515065193176}, "5": {"accuracy_train": 0.3125, "accuracy_val": 0.261704683303833}, "6": {"accuracy_train": 0.26171875, "accuracy_val": 0.27010804414749146}, "7": {"accuracy_train": 0.29296875, "accuracy_val": 0.27250900864601135}, "8": {"accuracy_train": 0.34375, "accuracy_val": 0.2689075469970703}, "9": {"accuracy_train": 0.3125, "accuracy_val": 0.2665065824985504}, "10": {"accuracy_train": 0.30078125, "accuracy_val": 0.26050418615341187}, "11": {"accuracy_train": 0.3359375, "accuracy_val": 0.261704683303833}, "12": {"accuracy_train": 0.32421875, "accuracy_val": 0.2737094759941101}, "13": {"accuracy_train": 0.2890625, "accuracy_val": 0.2713085114955902}, "14": {"accuracy_train": 0.375, "accuracy_val": 0.2809123694896698}, "15": {"accuracy_train": 0.3046875, "accuracy_val": 0.2713085114955902}, "16": {"accuracy_train": 0.3125, "accuracy_val": 0.26530611515045166}, "17": {"accuracy_train": 0.328125, "accuracy_val": 0.2785114049911499}, "18": {"accuracy_train": 0.3828125, "accuracy_val": 0.28931573033332825}, "19": {"accuracy_train": 0.40625, "accuracy_val": 0.31092435121536255}, "20": {"accuracy_train": 0.37890625, "accuracy_val": 0.31092435121536255}, "21": {"accuracy_train": 0.359375, "accuracy_val": 0.3097238838672638}, "22": {"accuracy_train": 0.39453125, "accuracy_val": 0.3145258128643036}, "23": {"accuracy_train": 0.37890625, "accuracy_val": 0.3073229193687439}, "24": {"accuracy_train": 0.37109375, "accuracy_val": 0.3097238838672638}, "25": {"accuracy_train": 0.3671875, "accuracy_val": 0.3073229193687439}, "26": {"accuracy_train": 0.35546875, "accuracy_val": 0.31092435121536255}, "27": {"accuracy_train": 0.39453125, "accuracy_val": 0.3121248483657837}, "28": {"accuracy_train": 0.40234375, "accuracy_val": 0.31812724471092224}, "29": {"accuracy_train": 0.37890625, "accuracy_val": 0.30852338671684265, "accuracy_test": 0.2841726541519165}}, "losses": {"0": {"loss_train": 455.9624557495117, "loss_val": 1491.306275844574}, "1": {"loss_train": 449.18790435791016, "loss_val": 1487.6401772499084}, "2": {"loss_train": 443.1658172607422, "loss_val": 1480.467035651207}, "3": {"loss_train": 441.3612747192383, "loss_val": 1470.2364517450333}, "4": {"loss_train": 438.47190856933594, "loss_val": 1460.0600372552872}, "5": {"loss_train": 429.45166015625,