{"k_fold_cv_id": "2022_12_11_13_45_38", "stats_type": "k_fold_cross_validation", "k_folds_cv_num_folds": 3, "data_logs": {"data_type": "mel_spectrogram", "dataset_size": "s", "batch_size": 16, "num_samples_per_second": 8000, "num_channels": 1, "train_transforms": "[\"{'transform_name': 'StandardizeTransform', 'mean': 9.398724555969238, 'std': 87.70199584960938}\"]"}, "optimizer_config": {"lr": 0.001, "momentum": 0.9, "weight_decay": 1e-06, "nesterov": true}, "model_setup": {"num_layers": 4, "kernel_sizes": [2, 2, 2, 2], "strides": [2, 2, 1, 1], "in_channels": 1, "num_filters": [1, 2, 4, 8], "pool_sizes": [2, 2, 2, 2], "pool_strides": [2, 2, 1, 1], "dropout_p_conv": 0.0, "dropout_p_linear": 0.5}, "training_logs": {"0": {"train_id": "2022_12_11_13_45_38", "accuracies": {"0": {"accuracy_train": 0.1979166716337204, "accuracy_val": 0.1774580329656601}, "1": {"accuracy_train": 0.1770833432674408, "accuracy_val": 0.24220624566078186}, "2": {"accuracy_train": 0.2083333432674408, "accuracy_val": 0.23860912024974823}, "3": {"accuracy_train": 0.234375, "accuracy_val": 0.22062350809574127}, "4": {"accuracy_train": 0.3125, "accuracy_val": 0.22062350809574127}, "5": {"accuracy_train": 0.21875, "accuracy_val": 0.23021583259105682}, "6": {"accuracy_train": 0.1927083432674408, "accuracy_val": 0.2266187071800232}, "7": {"accuracy_train": 0.265625, "accuracy_val": 0.22182254493236542}, "8": {"accuracy_train": 0.265625, "accuracy_val": 0.22781774401664734}, "9": {"accuracy_train": 0.2552083432674408, "accuracy_val": 0.2350119948387146, "accuracy_test": 0.23381295800209045}}, "losses": {"0": {"loss_train": 345.6604232788086, "loss_val": 1494.404553413391}, "1": {"loss_train": 343.20098304748535, "loss_val": 1489.0346593856812}, "2": {"loss_train": 343.512659072876, "loss_val": 1483.6336936950684}, "3": {"loss_train": 341.0091323852539, "loss_val": 1477.4109811782837}, "4": {"loss_train": 335.92760467529297, "loss_val": 1476.4018325805664}, "5": {"loss_train": 338.5948314666748, "loss_val": 1474.6939587593079}, "6": {"loss_train": 336.67206382751465, "loss_val": 1475.8718461990356}, "7": {"loss_train": 337.2668876647949, "loss_val": 1476.6739695072174}, "8": {"loss_train": 334.0807075500488, "loss_val": 1474.9665923118591}, "9": {"loss_train": 333.31498527526855, "loss_val": 1472.5870068073273, "loss_test": 493.5469934940338}}, "training_time_secs": 23.442448139190674}, "1": {"train_id": "2022_12_11_13_46_02", "accuracies": {"0": {"accuracy_train": 0.1770833432674408, "accuracy_val": 0.16326530277729034}, "1": {"accuracy_train": 0.1875, "accuracy_val": 0.16326530277729034}, "2": {"accuracy_train": 0.2083333432674408, "accuracy_val": 0.20648258924484253}, "3": {"accuracy_train": 0.2135416716337204, "accuracy_val": 0.20768307149410248}, "4": {"accuracy_train": 0.203125, "accuracy_val": 0.22689074277877808}, "5": {"accuracy_train": 0.234375, "accuracy_val": 0.22809122502803802}, "6": {"accuracy_train": 0.265625, "accuracy_val": 0.21368546783924103}, "7": {"accuracy_train": 0.2395833432674408, "accuracy_val": 0.23529410362243652}, "8": {"accuracy_train": 0.2395833432674408, "accuracy_val": 0.21968786418437958}, "9": {"accuracy_train": 0.2864583432674408, "accuracy_val": 0.19927971065044403, "accuracy_test": 0.20863309502601624}}, "losses": {"0": {"loss_train": 345.02569580078125, "loss_val": 1492.58156645298}, "1": {"loss_train": 342.770414352417, "loss_val": 1492.4436612129211}, "2": {"loss_train": 341.5122585296631, "loss_val": 1491.6016027927399}, "3": {"loss_train": 342.89178466796875, "loss_val": 1490.9057567119598}, "4": {"loss_train": 340.05582427978516, "loss_val": 1485.062401175499}, "5": {"loss_train": 335.7834072113037, "loss_val": 1475.424660205841}, "6": {"loss_train": 335.7450428009033, "loss_val": 1467.0262726545334}, "7": {"loss_train": 333.7762508392334, "loss_val": 1463.850454568863}, "8": {"loss_train": 337.5801601409912, "loss_val": 1458.589616894722}, "9": {"loss_train": 333.510440826416, "loss_val": 1482.6990234851837, "loss_test": 496.34982538223267}}, "training_time_secs": 19.09568428993225}, "2": {"train_id": "2022_12_11_13_46_21", "accuracies": {"0": {"accuracy_train": 0.1510416716337204, "accuracy_val": 0.20048019289970398}, "1": {"accuracy_train": 0.1770833432674408, "accuracy_val": 0.20528210699558258}, "2": {"accuracy_train": 0.1822916716337204, "accuracy_val": 0.21968786418437958}, "3": {"accuracy_train": 0.2604166865348816, "accuracy_val": 0.21848738193511963}, "4": {"accuracy_train": 0.265625, "accuracy_val": 0.20888355374336243}, "5": {"accuracy_train": 0.2291666716337204, "accuracy_val": 0.21248498558998108}, "6": {"accuracy_train": 0.2239583432674408, "accuracy_val": 0.22689074277877808}, "7": {"accuracy_train": 0.2708333432674408, "accuracy_val": 0.22569027543067932}, "8": {"accuracy_train": 0.25, "accuracy_val": 0.21968786418437958}, "9": {"accuracy_train": 0.2395833432674408, "accuracy_val": 0.23529410362243652, "accuracy_test": 0.21942447125911713}}, "losses": {"0": {"loss_train": 346.1694736480713, "loss_val": 1490.2236758470535}, "1": {"loss_train": 342.45431327819824, "loss_val": 1484.5724867582321}, "2": {"loss_train": 339.9510803222656, "loss_val": 1478.9919954538345}, "3": {"loss_train": 339.47700691223145, "loss_val": 1472.1916583776474}, "4": {"loss_train": 336.59716796875, "loss_val": 1470.0076804161072}, "5": {"loss_train": 337.17467498779297, "loss_val": 1472.661364555359}, "6": {"loss_train": 335.4733066558838, "loss_val": 1469.6123507022858}, "7": {"loss_train": 333.7717056274414, "loss_val": 1466.2794007062912}, "8": {"loss_train": 335.1831340789795, "loss_val": 1465.3567777872086}, "9": {"loss_train": 334.2311420440674, "loss_val": 1459.3823156356812, "loss_test": 489.1217541694641}}, "training_time_secs": 18.70378041267395}}}