{"k_fold_cv_id": "2022_12_11_14_03_02", "stats_type": "k_fold_cross_validation", "k_folds_cv_num_folds": 3, "data_logs": {"data_type": "mel_spectrogram", "dataset_size": "s", "batch_size": 32, "num_samples_per_second": 8000, "num_channels": 1, "train_transforms": "[\"{'transform_name': 'StandardizeTransform', 'mean': 9.398724555969238, 'std': 87.70199584960938}\"]"}, "optimizer_config": {"lr": 0.1, "momentum": 0.9, "weight_decay": 1e-06, "nesterov": true}, "model_setup": {"num_layers": 4, "kernel_sizes": [2, 2, 2, 2], "strides": [2, 2, 1, 1], "in_channels": 1, "num_filters": [1, 2, 4, 8], "pool_sizes": [2, 2, 2, 2], "pool_strides": [2, 2, 1, 1], "dropout_p_conv": 0.0, "dropout_p_linear": 0.5}, "training_logs": {"0": {"train_id": "2022_12_11_14_03_02", "accuracies": {"0": {"accuracy_train": 0.2410714328289032, "accuracy_val": 0.21462830901145935}, "1": {"accuracy_train": 0.2455357313156128, "accuracy_val": 0.2182254195213318}, "2": {"accuracy_train": 0.2767857313156128, "accuracy_val": 0.23980815708637238}, "3": {"accuracy_train": 0.2723214328289032, "accuracy_val": 0.23980815708637238}, "4": {"accuracy_train": 0.2633928656578064, "accuracy_val": 0.22901679575443268}, "5": {"accuracy_train": 0.2142857313156128, "accuracy_val": 0.22781774401664734}, "6": {"accuracy_train": 0.3348214328289032, "accuracy_val": 0.2517985701560974}, "7": {"accuracy_train": 0.3125, "accuracy_val": 0.23980815708637238}, "8": {"accuracy_train": 0.3258928656578064, "accuracy_val": 0.25059953331947327}, "9": {"accuracy_train": 0.2767857313156128, "accuracy_val": 0.23980815708637238}, "10": {"accuracy_train": 0.2633928656578064, "accuracy_val": 0.23381295800209045}, "11": {"accuracy_train": 0.2723214328289032, "accuracy_val": 0.24100719392299652}, "12": {"accuracy_train": 0.28125, "accuracy_val": 0.25539568066596985}, "13": {"accuracy_train": 0.3526785969734192, "accuracy_val": 0.256594717502594}, "14": {"accuracy_train": 0.3437500298023224, "accuracy_val": 0.26139089465141296}, "15": {"accuracy_train": 0.3660714328289032, "accuracy_val": 0.26139089465141296}, "16": {"accuracy_train": 0.330357164144516, "accuracy_val": 0.2625899314880371}, "17": {"accuracy_train": 0.3526785969734192, "accuracy_val": 0.2589928209781647}, "18": {"accuracy_train": 0.299107164144516, "accuracy_val": 0.2577937841415405}, "19": {"accuracy_train": 0.3750000298023224, "accuracy_val": 0.24820144474506378}, "20": {"accuracy_train": 0.2857142984867096, "accuracy_val": 0.24100719392299652}, "21": {"accuracy_train": 0.3839285969734192, "accuracy_val": 0.2458033561706543}, "22": {"accuracy_train": 0.3883928656578064, "accuracy_val": 0.24460431933403015}, "23": {"accuracy_train": 0.3660714328289032, "accuracy_val": 0.23860912024974823}, "24": {"accuracy_train": 0.3750000298023224, "accuracy_val": 0.2266187071800232}, "25": {"accuracy_train": 0.3883928656578064, "accuracy_val": 0.23980815708637238}, "26": {"accuracy_train": 0.361607164144516, "accuracy_val": 0.2158273458480835}, "27": {"accuracy_train": 0.361607164144516, "accuracy_val": 0.21702638268470764}, "28": {"accuracy_train": 0.3973214328289032, "accuracy_val": 0.21462830901145935}, "29": {"accuracy_train": 0.4642857313156128, "accuracy_val": 0.2242206335067749, "accuracy_test": 0.2266187071800232}}, "losses": {"0": {"loss_train": 397.9712028503418, "loss_val": 1454.459447145462}, "1": {"loss_train": 385.13745498657227, "loss_val": 1452.304919719696}, "2": {"loss_train": 371.46793365478516, "loss_val": 1445.561348438263}, "3": {"loss_train": 377.87657165527344, "loss_val": 1425.6683542728424}, "4": {"loss_train": 379.75099182128906, "loss_val": 1433.3857975006104}, "5": {"loss_train": 384.24164962768555, "loss_val": 1438.7119960784912}, "6": {"loss_train": 365.00764083862305, "loss_val": 1431.5872848033905}, "7": {"loss_train": 375.75537872314453, "loss_val": 1439.0338671207428}, "8": {"loss_train": 371.3069267272949, "loss_val": 1467.4875273704529}, "9": {"loss_train": 379.94292068481445, "loss_val": 1474.6395373344421}, "10": {"loss_train": 380.2529945373535, "loss_val": 1470.4128067493439}, "11": {"loss_train": 379.0692939758301, "loss_val": 1436.0911407470703}, "12": {"loss_train": 368.2682418823242, "loss_val": 1420.280770778656}, "13": {"loss_train": 371.91098403930664, "loss_val": 1429.906919002533}, "14": {"loss_train": 371.67919921875, "loss_val": 1418.0287613868713}, "15": {"loss_train": 356.17396545410156, "loss_val": 1422.7548666000366}, "16": {"loss_train": 364.92361068725586, "loss_val": 1421.964252948761}, "17": {"loss_train": 372.0763740539551, "loss_val": 1439.0992319583893}, "18": {"loss_train": 369.9532890319824, "loss_val": 1436.6650841236115}, "19": {"loss_train": 365.9304389953613, "loss_val": 1439.0791296958923}, "20": {"loss_train": 365.6555862426758, "loss_val": 1443.4102380275726}, "21": {"loss_train": 351.8975715637207, "loss_val": 1433.513385295868}, "22": {"loss_train": 358.76644134521484, "loss_val": 1432.8611943721771}, "23": {"loss_train": 355.7786674499512, "loss_val": 1431.6649675369263}, "24": {"loss_train": 355.4918632507324, "loss_val": 1433.6556923389435}, "25": {"loss_train": 353.20324325561523, "loss_val": 1438.8254289627075}, "26": {"loss_train": 362.2770767211914, "loss_val": 1467.7271275520325}, "27": {"loss_train": 362.5669975280762, "loss_val": 1462.156528711319}, "28": {"loss_train": 352.74134826660156, "loss_val": 1454.842318058014}, "29": {"loss_train": 349.38529205322266, "loss_val": 1456.3367557525635, "loss_test": 484.10223412513733}}, "training_time_secs": 56.27167797088623}, "1": {"train_id": "2022_12_11_14_03_59", "accuracies": {"0": {"accuracy_train": 0.2410714328289032, "accuracy_val": 0.16806721687316895}, "1": {"accuracy_train": 0.2455357313156128, "accuracy_val": 0.17286914587020874}, "2": {"accuracy_train": 0.25, "accuracy_val": 0.18487393856048584}, "3": {"accuracy_train": 0.2723214328289032, "accuracy_val": 0.2593037188053131}, "4": {"accuracy_train": 0.25, "accuracy_val": 0.24969987571239471}, "5": {"accuracy_train": 0.3125, "accuracy_val": 0.24489794671535492}, "6": {"accuracy_train": 0.2857142984867096, "accuracy_val": 0.24249699711799622}, "7": {"accuracy_train": 0.299107164144516, "accuracy_val": 0.21968786418437958}, "8": {"accuracy_train": 0.3035714328289032, "accuracy_val": 0.22088834643363953}, "9": {"accuracy_train": 0.3348214328289032, "accuracy_val": 0.22569027543067932}, "10": {"accuracy_train": 0.3526785969734192, "accuracy_val": 0.21488595008850098}, "11": {"accuracy_train": 0.2723214328289032, "accuracy_val": 0.18487393856048584}, "12": {"accuracy_train": 0.2589285969734192, "accuracy_val": 0.21248498558998108}, "13": {"accuracy_train": 0.2901785969734192, "accuracy_val": 0.23409363627433777}, "14": {"accuracy_train": 0.299107164144516, "accuracy_val": 0.23049218952655792}, "15": {"accuracy_train": 0.2857142984867096, "accuracy_val": 0.24489794671535492}, "16": {"accuracy_train": 0.330357164144516, "accuracy_val": 0.26290515065193176}, "17": {"accuracy_train": 0.3035714328289032, "accuracy_val": 0.23889555037021637}, "18": {"accuracy_train": 0.2946428656578064, "accuracy_val": 0.25570228695869446}, "19": {"accuracy_train": 0.3258928656578064, "accuracy_val": 0.25090035796165466}, "20": {"accuracy_train": 0.3214285969734192, "accuracy_val": 0.24009603261947632}, "21": {"accuracy_train": 0.2901785969734192, "accuracy_val": 0.22689074277877808}, "22": {"accuracy_train": 0.3571428656578064, "accuracy_val": 0.24009603261947632}, "23": {"accuracy_train": 0.361607164144516, "accuracy_val": 0.23889555037021637}, "24": {"accuracy_train": 0.3392857313156128, "accuracy_val": 0.25810322165489197}, "25": {"accuracy_train": 0.3125, "accuracy_val": 0.261704683303833}, "26": {"accuracy_train": 0.3258928656578064, "accuracy_val": 0.24489794671535492}, "27": {"accuracy_train": 0.3526785969734192, "accuracy_val": 0.24729891121387482}, "28": {"accuracy_train": 0.3839285969734192, "accuracy_val": 0.23049218952655792}, "29": {"accuracy_train": 0.3169642984867096,