{"stats_type": "k_fold_cross_validation", "k_folds_cv_num_folds": 3, "data_logs": {"data_type": "waveform", "dataset_size": "xs", "batch_size": 16, "num_samples_per_second": 8000, "num_channels": 1, "train_transforms": "[\"{'transform_name': 'StandardizeTransform', 'mean': 0.0026189503259956837, 'std': 0.30526015162467957}\"]"}, "optimizer_config": {"lr": 0.001, "momentum": 0.9, "weight_decay": 1e-06, "nesterov": true}, "model_setup": {"num_layers": 5, "kernel_sizes": [64, 32, 16, 8, 4], "strides": [3, 3, 2, 2, 2], "in_channels": 1, "num_filters": [8, 16, 32, 64, 6], "pool_sizes": [8, 8, 2, 2, 4], "pool_strides": [8, 8, 2, 4, 2], "dropout_p_conv": 0.0, "dropout_p_linear": 0.5}, "training_logs": {"0": {"train_id": "2022_12_10_08_41_38", "accuracies": {"0": {"accuracy_train": 0.24074074625968933, "accuracy_val": 0.2222222238779068}, "1": {"accuracy_train": 0.20370370149612427, "accuracy_val": 0.1111111119389534}, "2": {"accuracy_train": 0.18518519401550293, "accuracy_val": 0.07407407462596893, "accuracy_test": 0.2222222238779068}}, "losses": {"0": {"loss_train": 96.13543248176575, "loss_val": 48.27982974052429}, "1": {"loss_train": 96.49282121658325, "loss_val": 48.419459104537964}, "2": {"loss_train": 96.32445573806763, "loss_val": 48.382516980171204, "loss_test": 15.12185287475586}}, "training_time_secs": 1.7137303352355957}, "1": {"train_id": "2022_12_10_08_41_41", "accuracies": {"0": {"accuracy_train": 0.1666666716337204, "accuracy_val": 0.29629629850387573}, "1": {"accuracy_train": 0.24074074625968933, "accuracy_val": 0.29629629850387573}, "2": {"accuracy_train": 0.24074074625968933, "accuracy_val": 0.3333333432674408, "accuracy_test": 0.2222222238779068}}, "losses": {"0": {"loss_train": 96.20329713821411, "loss_val": 48.26053071022034}, "1": {"loss_train": 94.9371223449707, "loss_val": 48.20979166030884}, "2": {"loss_train": 96.11478042602539, "loss_val": 48.17864108085632, "loss_test": 14.994724750518799}}, "training_time_secs": 0.3172903060913086}, "2": {"train_id": "2022_12_10_08_41_41", "accuracies": {"0": {"accuracy_train": 0.1111111119389534, "accuracy_val": 0.1111111119389534}, "1": {"accuracy_train": 0.25925925374031067, "accuracy_val": 0.29629629850387573}, "2": {"accuracy_train": 0.12962962687015533, "accuracy_val": 0.25925925374031067, "accuracy_test": 0.1111111119389534}}, "losses": {"0": {"loss_train": 98.52940773963928, "loss_val": 48.48076820373535}, "1": {"loss_train": 96.49363541603088, "loss_val": 48.35306203365326}, "2": {"loss_train": 95.82622528076172, "loss_val": 48.22858512401581, "loss_test": 15.152454733848572}}, "training_time_secs": 0.3160521984100342}}}