{"k_fold_cv_id": "2022_12_11_12_35_52", "stats_type": "k_fold_cross_validation", "k_folds_cv_num_folds": 3, "data_logs": {"data_type": "mel_spectrogram", "dataset_size": "xxxxs", "batch_size": 32, "num_samples_per_second": 8000, "num_channels": 1, "train_transforms": "[\"{'transform_name': 'StandardizeTransform', 'mean': 9.90877914428711, 'std': 85.48518371582031}\"]"}, "optimizer_config": {"lr": 0.1, "momentum": 0.9, "weight_decay": 1e-06, "nesterov": true}, "model_setup": {"num_layers": 5, "kernel_sizes": [2, 2, 2, 2, 2], "strides": [2, 2, 1, 1, 1], "in_channels": 1, "num_filters": [4, 8, 16, 32, 64], "pool_sizes": [2, 2, 2, 2, 2], "pool_strides": [2, 2, 1, 1, 1], "dropout_p_conv": 0.0, "dropout_p_linear": 0.5}, "training_logs": {"0": {"train_id": "2022_12_11_12_35_52", "accuracies": {"0": {"accuracy_train": 0.14814814925193787, "accuracy_val": 0.14814814925193787}, "1": {"accuracy_train": 0.37037038803100586, "accuracy_val": 0.25925925374031067}, "2": {"accuracy_train": 0.3888888955116272, "accuracy_val": 0.25925925374031067}, "3": {"accuracy_train": 0.40740740299224854, "accuracy_val": 0.2222222238779068}, "4": {"accuracy_train": 0.3888888955116272, "accuracy_val": 0.2222222238779068}, "5": {"accuracy_train": 0.48148149251937866, "accuracy_val": 0.2222222238779068}, "6": {"accuracy_train": 0.46296295523643494, "accuracy_val": 0.2222222238779068}, "7": {"accuracy_train": 0.46296295523643494, "accuracy_val": 0.2222222238779068}, "8": {"accuracy_train": 0.4444444477558136, "accuracy_val": 0.2222222238779068}, "9": {"accuracy_train": 0.42592594027519226, "accuracy_val": 0.25925925374031067, "accuracy_test": 0.2222222238779068}}, "losses": {"0": {"loss_train": 98.28617882728577, "loss_val": 49.10303199291229}, "1": {"loss_train": 90.51390838623047, "loss_val": 48.37349259853363}, "2": {"loss_train": 83.08057761192322, "loss_val": 48.416091442108154}, "3": {"loss_train": 78.52285099029541, "loss_val": 49.40299415588379}, "4": {"loss_train": 75.04490733146667, "loss_val": 50.99591088294983}, "5": {"loss_train": 73.04620575904846, "loss_val": 51.98198640346527}, "6": {"loss_train": 73.93819808959961, "loss_val": 52.16625738143921}, "7": {"loss_train": 71.75736093521118, "loss_val": 51.04659175872803}, "8": {"loss_train": 71.30561256408691, "loss_val": 49.70019793510437}, "9": {"loss_train": 73.19925713539124, "loss_val": 49.43422794342041, "loss_test": 16.499881744384766}}, "training_time_secs": 2.1986420154571533}, "1": {"train_id": "2022_12_11_12_35_55", "accuracies": {"0": {"accuracy_train": 0.09259259700775146, "accuracy_val": 0.14814814925193787}, "1": {"accuracy_train": 0.3333333432674408, "accuracy_val": 0.2222222238779068}, "2": {"accuracy_train": 0.37037038803100586, "accuracy_val": 0.2222222238779068}, "3": {"accuracy_train": 0.35185185074806213, "accuracy_val": 0.2222222238779068}, "4": {"accuracy_train": 0.35185185074806213, "accuracy_val": 0.29629629850387573}, "5": {"accuracy_train": 0.3333333432674408, "accuracy_val": 0.40740740299224854}, "6": {"accuracy_train": 0.3888888955116272, "accuracy_val": 0.37037038803100586}, "7": {"accuracy_train": 0.37037038803100586, "accuracy_val": 0.37037038803100586}, "8": {"accuracy_train": 0.3888888955116272, "accuracy_val": 0.37037038803100586}, "9": {"accuracy_train": 0.40740740299224854, "accuracy_val": 0.37037038803100586, "accuracy_test": 0.2222222238779068}}, "losses": {"0": {"loss_train": 99.81137156486511, "loss_val": 48.34060764312744}, "1": {"loss_train": 91.48946499824524, "loss_val": 48.143317222595215}, "2": {"loss_train": 85.44346022605896, "loss_val": 47.897592544555664}, "3": {"loss_train": 83.65289783477783, "loss_val": 47.83036136627197}, "4": {"loss_train": 80.607342004776, "loss_val": 46.30318880081177}, "5": {"loss_train": 83.74055600166321, "loss_val": 42.542134165763855}, "6": {"loss_train": 80.64361715316772, "loss_val": 41.70744466781616}, "7": {"loss_train": 79.04042148590088, "loss_val": 41.42883825302124}, "8": {"loss_train": 76.5428900718689, "loss_val": 41.36594581604004}, "9": {"loss_train": 75.52340149879456, "loss_val": 41.380510210990906, "loss_test": 15.241870999336243}}, "training_time_secs": 1.005990743637085}, "2": {"train_id": "2022_12_11_12_35_56", "accuracies": {"0": {"accuracy_train": 0.18518519401550293, "accuracy_val": 0.18518519401550293}, "1": {"accuracy_train": 0.3333333432674408, "accuracy_val": 0.14814814925193787}, "2": {"accuracy_train": 0.42592594027519226, "accuracy_val": 0.37037038803100586}, "3": {"accuracy_train": 0.42592594027519226, "accuracy_val": 0.37037038803100586}, "4": {"accuracy_train": 0.42592594027519226, "accuracy_val": 0.40740740299224854}, "5": {"accuracy_train": 0.42592594027519226, "accuracy_val": 0.37037038803100586}, "6": {"accuracy_train": 0.40740740299224854, "accuracy_val": 0.37037038803100586}, "7": {"accuracy_train": 0.4444444477558136, "accuracy_val": 0.37037038803100586}, "8": {"accuracy_train": 0.48148149251937866, "accuracy_val": 0.37037038803100586}, "9": {"accuracy_train": 0.46296295523643494, "accuracy_val": 0.37037038803100586, "accuracy_test": 0.2222222238779068}}, "losses": {"0": {"loss_train": 95.40337610244751, "loss_val": 47.54959523677826}, "1": {"loss_train": 83.81887555122375, "loss_val": 47.22478187084198}, "2": {"loss_train": 80.34121131896973, "loss_val": 46.69538462162018}, "3": {"loss_train": 76.07518172264099, "loss_val": 45.87189602851868}, "4": {"loss_train": 73.18232727050781, "loss_val": 44.94889962673187}, "5": {"loss_train": 70.25965213775635, "loss_val": 44.454331398010254}, "6": {"loss_train": 69.84888410568237, "loss_val": 44.21749019622803}, "7": {"loss_train": 68.78157544136047, "loss_val": 44.0362286567688}, "8": {"loss_train": 68.12791419029236, "loss_val": 43.93243360519409}, "9": {"loss_train": 67.31162738800049, "loss_val": 43.89167904853821, "loss_test": 15.165415167808533}}, "training_time_secs": 1.0187976360321045}}}