{"k_fold_cv_id": "2022_12_10_16_24_30", "stats_type": "k_fold_cross_validation", "k_folds_cv_num_folds": 3, "data_logs": {"data_type": "waveform", "dataset_size": "xxxxs", "batch_size": 32, "num_samples_per_second": 8000, "num_channels": 1, "train_transforms": "[\"{'transform_name': 'StandardizeTransform', 'mean': 0.0026189503259956837, 'std': 0.30526015162467957}\", \"{'transform_name': 'RandomBackgroundNoise', 'noise_dataset': 'MUSAN', 'min_snr_db': 0, 'max_snr_db': 15, 'random_noise_n': 4, 'random_noise_probs': [0.25, 0.25, 0.25, 0.25]}\"]"}, "optimizer_config": {"lr": 0.1, "momentum": 0.9, "weight_decay": 1e-06, "nesterov": true}, "model_setup": {"num_layers": 5, "kernel_sizes": [64, 32, 16, 8, 4], "strides": [3, 3, 2, 2, 2], "in_channels": 1, "num_filters": [16, 32, 64, 128, 6], "pool_sizes": [8, 8, 2, 2, 4], "pool_strides": [8, 8, 2, 4, 2], "dropout_p_conv": 0.0, "dropout_p_linear": 0.5}, "training_logs": {"0": {"train_id": "2022_12_10_16_24_30", "accuracies": {"0": {"accuracy_train": 0.14814814925193787, "accuracy_val": 0.40740740299224854}, "1": {"accuracy_train": 0.31481480598449707, "accuracy_val": 0.40740740299224854, "accuracy_test": 0.1111111119389534}}, "losses": {"0": {"loss_train": 97.17153358459473, "loss_val": 47.15220773220062}, "1": {"loss_train": 93.76831841468811, "loss_val": 45.57257115840912, "loss_test": 15.007364392280579}}, "training_time_secs": 0.3999295234680176}, "1": {"train_id": "2022_12_10_16_24_31", "accuracies": {"0": {"accuracy_train": 0.1111111119389534, "accuracy_val": 0.3333333432674408}, "1": {"accuracy_train": 0.2777777910232544, "accuracy_val": 0.18518519401550293, "accuracy_test": 0.1111111119389534}}, "losses": {"0": {"loss_train": 98.53250288963318, "loss_val": 46.24044120311737}, "1": {"loss_train": 94.1708915233612, "loss_val": 45.03604459762573, "loss_test": 16.321479439735413}}, "training_time_secs": 0.43651604652404785}, "2": {"train_id": "2022_12_10_16_24_31", "accuracies": {"0": {"accuracy_train": 0.25925925374031067, "accuracy_val": 0.18518519401550293}, "1": {"accuracy_train": 0.31481480598449707, "accuracy_val": 0.2222222238779068, "accuracy_test": 0.2222222238779068}}, "losses": {"0": {"loss_train": 96.59754657745361, "loss_val": 48.14157271385193}, "1": {"loss_train": 93.41392683982849, "loss_val": 48.49542796611786, "loss_test": 15.05260145664215}}, "training_time_secs": 0.5107929706573486}}}