{"k_fold_cv_id": "2022_12_14_16_37_29", "stats_type": "k_fold_cross_validation", "k_folds_cv_num_folds": 3, "data_logs": {"data_type": "waveform", "dataset_size": "s", "batch_size": 64, "num_samples_per_second": 8000, "num_channels": 1, "train_transforms": "[\"{'transform_name': 'StandardizeTransform', 'mean': -7.975741027621552e-05, 'std': 0.2950393557548523}\", 'RandomApply(\\n    p=1e-15\\n    PolarityInversion()\\n)', 'RandomApply(\\n    p=1e-15\\n    Noise()\\n)', 'RandomApply(\\n    p=1e-15\\n    Gain()\\n)', 'RandomApply(\\n    p=1e-15\\n    Delay()\\n)', {'p_boosting_factors': None, 'epoch_steps': None}]"}, "optimizer_config": {"lr": 0.1, "momentum": 0.9, "weight_decay": 0.001, "nesterov": true}, "model_setup": {"num_layers": 2, "kernel_sizes": [2, 2], "strides": [2, 2], "in_channels": 1, "num_filters": [1, 2], "pool_sizes": [2, 2], "pool_strides": [2, 2], "dropout_p_conv": 0.0, "dropout_p_linear": 0.5}, "training_logs": {"0": {"train_id": "2022_12_14_16_37_29", "accuracies": {"0": {"accuracy_train": 0.2109375, "accuracy_val": 0.16067147254943848}, "1": {"accuracy_train": 0.1875, "accuracy_val": 0.158273383975029}, "2": {"accuracy_train": 0.18359375, "accuracy_val": 0.15707434713840485}, "3": {"accuracy_train": 0.20703125, "accuracy_val": 0.1558753103017807}, "4": {"accuracy_train": 0.19140625, "accuracy_val": 0.15707434713840485}, "5": {"accuracy_train": 0.18359375, "accuracy_val": 0.16067147254943848}, "6": {"accuracy_train": 0.23046875, "accuracy_val": 0.16786570847034454}, "7": {"accuracy_train": 0.17578125, "accuracy_val": 0.1750599592924118}, "8": {"accuracy_train": 0.1640625, "accuracy_val": 0.17985612154006958}, "9": {"accuracy_train": 0.21484375, "accuracy_val": 0.19304557144641876}, "10": {"accuracy_train": 0.203125, "accuracy_val": 0.20383693277835846}, "11": {"accuracy_train": 0.19921875, "accuracy_val": 0.2074340581893921}, "12": {"accuracy_train": 0.16796875, "accuracy_val": 0.20623502135276794}, "13": {"accuracy_train": 0.1640625, "accuracy_val": 0.2074340581893921}, "14": {"accuracy_train": 0.21875, "accuracy_val": 0.20383693277835846}, "15": {"accuracy_train": 0.20703125, "accuracy_val": 0.20263789594173431}, "16": {"accuracy_train": 0.203125, "accuracy_val": 0.20263789594173431}, "17": {"accuracy_train": 0.19921875, "accuracy_val": 0.2050359696149826}, "18": {"accuracy_train": 0.203125, "accuracy_val": 0.20383693277835846}, "19": {"accuracy_train": 0.203125, "accuracy_val": 0.20143885910511017, "accuracy_test": 0.17985612154006958}}, "losses": {"0": {"loss_train": 457.09607696533203, "loss_val": 1546.9526586532593}, "1": {"loss_train": 465.08927154541016, "loss_val": 1561.173680305481}, "2": {"loss_train": 462.1810989379883, "loss_val": 1556.0784149169922}, "3": {"loss_train": 460.68787384033203, "loss_val": 1554.976140499115}, "4": {"loss_train": 467.02032470703125, "loss_val": 1550.9548864364624}, "5": {"loss_train": 469.38978576660156, "loss_val": 1547.2139739990234}, "6": {"loss_train": 465.0904541015625, "loss_val": 1549.0154600143433}, "7": {"loss_train": 465.3853759765625, "loss_val": 1551.2258605957031}, "8": {"loss_train": 468.07472229003906, "loss_val": 1551.4444053173065}, "9": {"loss_train": 467.0698547363281, "loss_val": 1550.3688049316406}, "10": {"loss_train": 458.18529510498047, "loss_val": 1549.7247564792633}, "11": {"loss_train": 470.82076263427734, "loss_val": 1547.885615348816}, "12": {"loss_train": 470.83917236328125, "loss_val": 1548.8344621658325}, "13": {"loss_train": 469.47508239746094, "loss_val": 1549.0026597976685}, "14": {"loss_train": 464.9217834472656, "loss_val": 1549.4282417297363}, "15": {"loss_train": 461.83988189697266, "loss_val": 1550.0126638412476}, "16": {"loss_train": 469.53712463378906, "loss_val": 1550.1021046638489}, "17": {"loss_train": 464.7661590576172, "loss_val": 1549.1635508537292}, "18": {"loss_train": 465.9371795654297, "loss_val": 1549.532220840454}, "19": {"loss_train": 466.73889923095703, "loss_val": 1550.248134613037, "loss_test": 524.3595623970032}}, "training_time_secs": 42.641437292099}, "1": {"train_id": "2022_12_14_16_37_29", "accuracies": {"0": {"accuracy_train": 0.2109375, "accuracy_val": 0.16067147254943848}, "1": {"accuracy_train": 0.1875, "accuracy_val": 0.158273383975029}, "2": {"accuracy_train": 0.18359375, "accuracy_val": 0.15707434713840485}, "3": {"accuracy_train": 0.20703125, "accuracy_val": 0.1558753103017807}, "4": {"accuracy_train": 0.19140625, "accuracy_val": 0.15707434713840485}, "5": {"accuracy_train": 0.18359375, "accuracy_val": 0.16067147254943848}, "6": {"accuracy_train": 0.23046875, "accuracy_val": 0.16786570847034454}, "7": {"accuracy_train": 0.17578125, "accuracy_val": 0.1750599592924118}, "8": {"accuracy_train": 0.1640625, "accuracy_val": 0.17985612154006958}, "9": {"accuracy_train": 0.21484375, "accuracy_val": 0.19304557144641876}, "10": {"accuracy_train": 0.203125, "accuracy_val": 0.20383693277835846}, "11": {"accuracy_train": 0.19921875, "accuracy_val": 0.2074340581893921}, "12": {"accuracy_train": 0.16796875, "accuracy_val": 0.20623502135276794}, "13": {"accuracy_train": 0.1640625, "accuracy_val": 0.2074340581893921}, "14": {"accuracy_train": 0.21875, "accuracy_val": 0.20383693277835846}, "15": {"accuracy_train": 0.20703125, "accuracy_val": 0.20263789594173431}, "16": {"accuracy_train": 0.203125, "accuracy_val": 0.20263789594173431}, "17": {"accuracy_train": 0.19921875, "accuracy_val": 0.2050359696149826}, "18": {"accuracy_train": 0.203125, "accuracy_val": 0.20383693277835846}, "19": {"accuracy_train": 0.203125, "accuracy_val": 0.20143885910511017, "accuracy_test": 0.17985612154006958}}, "losses": {"0": {"loss_train": 457.09607696533203, "loss_val": 1546.9526586532593}, "1": {"loss_train": 465.08927154541016, "loss_val": 1561.173680305481}, "2": {"loss_train": 462.1810989379883, "loss_val": 1556.0784149169922}, "3": {"loss_train": 460.68787384033203, "loss_val": 1554.976140499115}, "4": {"loss_train": 467.02032470703125, "loss_val": 1550.9548864364624}, "5": {"loss_train": 469.38978576660156, "loss_val": 1547.2139739990234}, "6": {"loss_train": 465.0904541015625, "loss_val": 1549.0154600143433}, "7": {"loss_train": 465.3853759765625, "loss_val": 1551.2258605957031}, "8": {"loss_train": 468.07472229003906, "loss_val": 1551.4444053173065}, "9": {"loss_train": 467.0698547363281, "loss_val": 1550.3688049316406}, "10": {"loss_train": 458.18529510498047, "loss_val": 1549.7247564792633}, "11": {"loss_train": 470.82076263427734, "loss_val": 1547.885615348816}, "12": {"loss_train": 470.83917236328125, "loss_val": 1548.8344621658325}, "13": {"loss_train": 469.47508239746094, "loss_val": 1549.0026597976685}, "14": {"loss_train": 464.9217834472656, "loss_val": 1549.4282417297363}, "15": {"loss_train": 461.83988189697266, "loss_val": 1550.0126638412476}, "16": {"loss_train": 469.53712463378906, "loss_val": 1550.1021046638489}, "17": {"loss_train": 464.7661590576172, "loss_val": 1549.1635508537292}, "18": {"loss_train": 465.9371795654297, "loss_val": 1549.532220840454}, "19": {"loss_train": 466.73889923095703, "loss_val": 1550.248134613037, "loss_test": 524.3595623970032}}, "training_time_secs": 42.641437292099}, "2": {"train_id": "2022_12_14_16_37_29", "accuracies": {"0": {"accuracy_train": 0.2109375, "accuracy_val": 0.16067147254943848}, "1": {"accuracy_train": 0.1875, "accuracy_val": 0.158273383975029}, "2": {"accuracy_train": 0.18359375, "accuracy_val": 0.15707434713840485}, "3": {"accuracy_train": 0.20703125, "accuracy_val": 0.1558753103017807}, "4": {"accuracy_train": 0.19140625, "accuracy_val": 0.15707434713840485}, "5": {"accuracy_train": 0.18359375, "accuracy_val": 0.16067147254943848}, "6": {"accuracy_train": 0.23046875, "accuracy_val": 0.16786570847034454}, "7": {"accuracy_train": 0.17578125, "accuracy_val": 0.1750599592924118}, "8": {"accuracy_train": 0.1640625, "accuracy_val": 0.17985612154006958}, "9": {"accuracy_train": 0.21484375, "accuracy_val": 0.19304557144641876}, "10": {"accuracy_train": 0.203125,