{"k_fold_cv_id": "2022_12_11_19_43_10", "stats_type": "k_fold_cross_validation", "k_folds_cv_num_folds": 3, "data_logs": {"data_type": "waveform", "dataset_size": "s", "batch_size": 32, "num_samples_per_second": 8000, "num_channels": 1, "train_transforms": "[\"{'transform_name': 'StandardizeTransform', 'mean': -7.975741027621552e-05, 'std': 0.2950393557548523}\"]"}, "optimizer_config": {"lr": 0.1, "momentum": 0.9, "weight_decay": 1e-06, "nesterov": true}, "model_setup": {"num_layers": 5, "kernel_sizes": [64, 32, 16, 8, 4], "strides": [3, 3, 2, 2, 2], "in_channels": 1, "num_filters": [8, 16, 32, 64, 6], "pool_sizes": [8, 8, 2, 2, 4], "pool_strides": [8, 8, 2, 4, 2], "dropout_p_conv": 0.0, "dropout_p_linear": 0.5}, "training_logs": {"0": {"train_id": "2022_12_11_19_43_10", "accuracies": {"0": {"accuracy_train": 0.1875000149011612, "accuracy_val": 0.2266187071800232}, "1": {"accuracy_train": 0.2008928656578064, "accuracy_val": 0.25059953331947327}, "2": {"accuracy_train": 0.2366071492433548, "accuracy_val": 0.2589928209781647}, "3": {"accuracy_train": 0.2410714328289032, "accuracy_val": 0.2709832191467285}, "4": {"accuracy_train": 0.3258928656578064, "accuracy_val": 0.29376500844955444}, "5": {"accuracy_train": 0.3125, "accuracy_val": 0.3093525171279907}, "6": {"accuracy_train": 0.25, "accuracy_val": 0.316546767950058}, "7": {"accuracy_train": 0.361607164144516, "accuracy_val": 0.30455636978149414}, "8": {"accuracy_train": 0.4196428656578064, "accuracy_val": 0.2889688313007355}, "9": {"accuracy_train": 0.3437500298023224, "accuracy_val": 0.28776979446411133, "accuracy_test": 0.27697843313217163}}, "losses": {"0": {"loss_train": 399.78415298461914, "loss_val": 1472.7027373313904}, "1": {"loss_train": 393.48694610595703, "loss_val": 1468.8741204738617}, "2": {"loss_train": 389.67480850219727, "loss_val": 1448.7835159301758}, "3": {"loss_train": 386.16274642944336, "loss_val": 1419.528814792633}, "4": {"loss_train": 380.86305236816406, "loss_val": 1411.8737828731537}, "5": {"loss_train": 381.04419326782227, "loss_val": 1420.8808035850525}, "6": {"loss_train": 387.2211151123047, "loss_val": 1419.078486919403}, "7": {"loss_train": 379.1825866699219, "loss_val": 1424.8069913387299}, "8": {"loss_train": 371.62589263916016, "loss_val": 1430.9706764221191}, "9": {"loss_train": 377.4367218017578, "loss_val": 1412.5914285182953, "loss_test": 473.70256209373474}}, "training_time_secs": 21.854429721832275}, "1": {"train_id": "2022_12_11_19_43_33", "accuracies": {"0": {"accuracy_train": 0.1517857164144516, "accuracy_val": 0.17767105996608734}, "1": {"accuracy_train": 0.2232142984867096, "accuracy_val": 0.1812725067138672}, "2": {"accuracy_train": 0.2633928656578064, "accuracy_val": 0.24249699711799622}, "3": {"accuracy_train": 0.2544642984867096, "accuracy_val": 0.2833133041858673}, "4": {"accuracy_train": 0.2142857313156128, "accuracy_val": 0.27250900864601135}, "5": {"accuracy_train": 0.3169642984867096, "accuracy_val": 0.3001200258731842}, "6": {"accuracy_train": 0.299107164144516, "accuracy_val": 0.3169267475605011}, "7": {"accuracy_train": 0.2366071492433548, "accuracy_val": 0.32052820920944214}, "8": {"accuracy_train": 0.299107164144516, "accuracy_val": 0.29411762952804565}, "9": {"accuracy_train": 0.330357164144516, "accuracy_val": 0.29171666502952576, "accuracy_test": 0.2733812928199768}}, "losses": {"0": {"loss_train": 402.2955093383789, "loss_val": 1493.4821751117706}, "1": {"loss_train": 395.80652236938477, "loss_val": 1493.641081571579}, "2": {"loss_train": 390.5425910949707, "loss_val": 1465.484591126442}, "3": {"loss_train": 389.49140548706055, "loss_val": 1438.1185983419418}, "4": {"loss_train": 384.62065505981445, "loss_val": 1435.2410635948181}, "5": {"loss_train": 385.5545234680176, "loss_val": 1415.8101840019226}, "6": {"loss_train": 380.8247299194336, "loss_val": 1409.0956284999847}, "7": {"loss_train": 386.9659538269043, "loss_val": 1410.9106649160385}, "8": {"loss_train": 380.4670295715332, "loss_val": 1418.4637451171875}, "9": {"loss_train": 377.9008331298828, "loss_val": 1412.7201775312424, "loss_test": 474.974356174469}}, "training_time_secs": 18.949952125549316}, "2": {"train_id": "2022_12_11_19_43_52", "accuracies": {"0": {"accuracy_train": 0.2321428656578064, "accuracy_val": 0.20648258924484253}, "1": {"accuracy_train": 0.2142857313156128, "accuracy_val": 0.23049218952655792}, "2": {"accuracy_train": 0.2455357313156128, "accuracy_val": 0.23769506812095642}, "3": {"accuracy_train": 0.3080357313156128, "accuracy_val": 0.261704683303833}, "4": {"accuracy_train": 0.28125, "accuracy_val": 0.290516197681427}, "5": {"accuracy_train": 0.2723214328289032, "accuracy_val": 0.3025209903717041}, "6": {"accuracy_train": 0.2857142984867096, "accuracy_val": 0.28691476583480835}, "7": {"accuracy_train": 0.2767857313156128, "accuracy_val": 0.2929171621799469}, "8": {"accuracy_train": 0.3437500298023224, "accuracy_val": 0.30132052302360535}, "9": {"accuracy_train": 0.28125, "accuracy_val": 0.28931573033332825, "accuracy_test": 0.2589928209781647}}, "losses": {"0": {"loss_train": 401.74079513549805, "loss_val": 1480.8849654197693}, "1": {"loss_train": 389.615177154541, "loss_val": 1456.07071185112}, "2": {"loss_train": 391.7609100341797, "loss_val": 1429.9537937641144}, "3": {"loss_train": 381.5436592102051, "loss_val": 1424.6251862049103}, "4": {"loss_train": 385.50018310546875, "loss_val": 1421.8425767421722}, "5": {"loss_train": 385.4302558898926, "loss_val": 1420.218258857727}, "6": {"loss_train": 384.04763412475586, "loss_val": 1419.718175292015}, "7": {"loss_train": 378.8504333496094, "loss_val": 1415.954797744751}, "8": {"loss_train": 376.07429122924805, "loss_val": 1420.4508818387985}, "9": {"loss_train": 382.1595115661621, "loss_val": 1421.5644541978836, "loss_test": 477.3088266849518}}, "training_time_secs": 19.81621479988098}}}