{"stats_type": "k_fold_cross_validation", "k_folds_cv_num_folds": 3, "data_logs": {"data_type": "waveform", "dataset_size": "xs", "batch_size": 16, "num_samples_per_second": 8000, "num_channels": 1, "train_transforms": "[\"{'transform_name': 'StandardizeTransform', 'mean': 0.0026189503259956837, 'std': 0.30526015162467957}\"]"}, "optimizer_config": {"lr": 0.001, "momentum": 0.9, "weight_decay": 1e-06, "nesterov": true}, "model_setup": {"num_layers": 5, "kernel_sizes": [64, 32, 16, 8, 4], "strides": [3, 3, 2, 2, 2], "in_channels": 1, "num_filters": [8, 16, 32, 64, 6], "pool_sizes": [8, 8, 2, 2, 4], "pool_strides": [8, 8, 2, 4, 2], "dropout_p_conv": 0.0, "dropout_p_linear": 0.5}, "training_logs": {"0": {"train_id": "2022_12_10_08_42_31", "accuracies": {"0": {"accuracy_train": 0.2222222238779068, "accuracy_val": 0.3333333432674408}, "1": {"accuracy_train": 0.1666666716337204, "accuracy_val": 0.2222222238779068}, "2": {"accuracy_train": 0.12962962687015533, "accuracy_val": 0.37037038803100586}, "3": {"accuracy_train": 0.2222222238779068, "accuracy_val": 0.18518519401550293}, "4": {"accuracy_train": 0.25925925374031067, "accuracy_val": 0.3333333432674408}, "5": {"accuracy_train": 0.35185185074806213, "accuracy_val": 0.3333333432674408}, "6": {"accuracy_train": 0.24074074625968933, "accuracy_val": 0.29629629850387573}, "7": {"accuracy_train": 0.35185185074806213, "accuracy_val": 0.29629629850387573}, "8": {"accuracy_train": 0.2777777910232544, "accuracy_val": 0.29629629850387573}, "9": {"accuracy_train": 0.40740740299224854, "accuracy_val": 0.3333333432674408}, "10": {"accuracy_train": 0.20370370149612427, "accuracy_val": 0.3333333432674408}, "11": {"accuracy_train": 0.40740740299224854, "accuracy_val": 0.3333333432674408}, "12": {"accuracy_train": 0.42592594027519226, "accuracy_val": 0.3333333432674408}, "13": {"accuracy_train": 0.3888888955116272, "accuracy_val": 0.3333333432674408}, "14": {"accuracy_train": 0.3888888955116272, "accuracy_val": 0.29629629850387573}, "15": {"accuracy_train": 0.46296295523643494, "accuracy_val": 0.37037038803100586}, "16": {"accuracy_train": 0.37037038803100586, "accuracy_val": 0.3333333432674408}, "17": {"accuracy_train": 0.46296295523643494, "accuracy_val": 0.37037038803100586}, "18": {"accuracy_train": 0.3888888955116272, "accuracy_val": 0.40740740299224854}, "19": {"accuracy_train": 0.40740740299224854, "accuracy_val": 0.37037038803100586}, "20": {"accuracy_train": 0.37037038803100586, "accuracy_val": 0.37037038803100586}, "21": {"accuracy_train": 0.4444444477558136, "accuracy_val": 0.40740740299224854}, "22": {"accuracy_train": 0.5370370149612427, "accuracy_val": 0.4444444477558136}, "23": {"accuracy_train": 0.42592594027519226, "accuracy_val": 0.48148149251937866}, "24": {"accuracy_train": 0.5185185074806213, "accuracy_val": 0.48148149251937866}, "25": {"accuracy_train": 0.5925925970077515, "accuracy_val": 0.4444444477558136}, "26": {"accuracy_train": 0.5, "accuracy_val": 0.4444444477558136}, "27": {"accuracy_train": 0.46296295523643494, "accuracy_val": 0.4444444477558136}, "28": {"accuracy_train": 0.5925925970077515, "accuracy_val": 0.48148149251937866}, "29": {"accuracy_train": 0.5925925970077515, "accuracy_val": 0.4444444477558136, "accuracy_test": 0.4444444477558136}}, "losses": {"0": {"loss_train": 96.2429428100586, "loss_val": 47.827582359313965}, "1": {"loss_train": 96.11303520202637, "loss_val": 47.88447868824005}, "2": {"loss_train": 95.33855390548706, "loss_val": 47.96492099761963}, "3": {"loss_train": 96.20109009742737, "loss_val": 47.95154881477356}, "4": {"loss_train": 94.29325580596924, "loss_val": 47.874555706977844}, "5": {"loss_train": 94.23306703567505, "loss_val": 47.83302044868469}, "6": {"loss_train": 94.13256478309631, "loss_val": 47.71314334869385}, "7": {"loss_train": 94.07874155044556, "loss_val": 47.70217764377594}, "8": {"loss_train": 93.42707657814026, "loss_val": 47.649523854255676}, "9": {"loss_train": 91.75403451919556, "loss_val": 47.601784348487854}, "10": {"loss_train": 92.51447343826294, "loss_val": 47.49257779121399}, "11": {"loss_train": 92.01960849761963, "loss_val": 47.28279197216034}, "12": {"loss_train": 90.05080842971802, "loss_val": 47.19063591957092}, "13": {"loss_train": 90.9735221862793, "loss_val": 47.07665514945984}, "14": {"loss_train": 91.34933471679688, "loss_val": 47.028204679489136}, "15": {"loss_train": 90.12039589881897, "loss_val": 47.030819058418274}, "16": {"loss_train": 90.70961308479309, "loss_val": 46.88740813732147}, "17": {"loss_train": 90.45781469345093, "loss_val": 46.79895639419556}, "18": {"loss_train": 90.97913575172424, "loss_val": 46.786028265953064}, "19": {"loss_train": 90.07702016830444, "loss_val": 46.57860231399536}, "20": {"loss_train": 89.91192770004272, "loss_val": 46.54965257644653}, "21": {"loss_train": 89.30322027206421, "loss_val": 46.32861340045929}, "22": {"loss_train": 88.35287690162659, "loss_val": 46.095463275909424}, "23": {"loss_train": 88.25250267982483, "loss_val": 46.117470264434814}, "24": {"loss_train": 87.59707498550415, "loss_val": 45.90207016468048}, "25": {"loss_train": 87.01792550086975, "loss_val": 45.90609812736511}, "26": {"loss_train": 88.00728034973145, "loss_val": 45.846246004104614}, "27": {"loss_train": 87.80889892578125, "loss_val": 45.61416554450989}, "28": {"loss_train": 86.75961685180664, "loss_val": 45.57721567153931}, "29": {"loss_train": 85.86349868774414, "loss_val": 45.64643478393555, "loss_test": 13.714356184005737}}, "training_time_secs": 2.9882678985595703}, "1": {"train_id": "2022_12_10_08_42_34", "accuracies": {"0": {"accuracy_train": 0.20370370149612427, "accuracy_val": 0.18518519401550293}, "1": {"accuracy_train": 0.20370370149612427, "accuracy_val": 0.18518519401550293}, "2": {"accuracy_train": 0.2222222238779068, "accuracy_val": 0.18518519401550293}, "3": {"accuracy_train": 0.1666666716337204, "accuracy_val": 0.14814814925193787}, "4": {"accuracy_train": 0.1666666716337204, "accuracy_val": 0.14814814925193787}, "5": {"accuracy_train": 0.1111111119389534, "accuracy_val": 0.1111111119389534}, "6": {"accuracy_train": 0.2222222238779068, "accuracy_val": 0.07407407462596893}, "7": {"accuracy_train": 0.29629629850387573, "accuracy_val": 0.37037038803100586}, "8": {"accuracy_train": 0.3333333432674408, "accuracy_val": 0.3333333432674408}, "9": {"accuracy_train": 0.3888888955116272, "accuracy_val": 0.37037038803100586}, "10": {"accuracy_train": 0.31481480598449707, "accuracy_val": 0.37037038803100586}, "11": {"accuracy_train": 0.35185185074806213, "accuracy_val": 0.40740740299224854}, "12": {"accuracy_train": 0.40740740299224854, "accuracy_val": 0.40740740299224854}, "13": {"accuracy_train": 0.40740740299224854, "accuracy_val": 0.40740740299224854}, "14": {"accuracy_train": 0.46296295523643494, "accuracy_val": 0.37037038803100586}, "15": {"accuracy_train": 0.5370370149612427, "accuracy_val": 0.37037038803100586}, "16": {"accuracy_train": 0.46296295523643494, "accuracy_val": 0.37037038803100586}, "17": {"accuracy_train": 0.46296295523643494, "accuracy_val": 0.4444444477558136}, "18": {"accuracy_train": 0.5925925970077515, "accuracy_val": 0.4444444477558136}, "19": {"accuracy_train": 0.6296296119689941, "accuracy_val": 0.40740740299224854}, "20": {"accuracy_train": 0.5555555820465088, "accuracy_val": 0.48148149251937866}, "21": {"accuracy_train": 0.5740740895271301, "accuracy_val": 0.48148149251937866}, "22": {"accuracy_train": 0.6666666865348816, "accuracy_val": 0.48148149251937866}, "23": {"accuracy_train": 0.5555555820465088, "accuracy_val": 0.5185185074806213}, "24": {"accuracy_train": 0.5370370149612427, "accuracy_val": 0.4444444477558136}, "25": {"accuracy_train": 0.5740740895271301, "accuracy_val": 0.4444444477558136}, "26": {"accuracy_train": 0.6296296119689941, "accuracy_val": 0.4444444477558136}, "27": {"accuracy_train": 0.6666666865348816, "accuracy_val": 0.40740740299224854}, "28": {"accuracy_train": 0.5555555820465088, "accuracy_val": 0.40740740299224854}, "29": {"accuracy_train": 0.5,